subject	hemi	CA1	CA2	CA4_DG	CA3	Tail	Sub	SRLM	Cyst
sub-6732374	L	571.6761938408017	50.2730201408267	297.70420814305544	132.5800106227398	367.14134361594915	766.264205403626	612.3027831986547	9.093298815190792
sub-6732374	R	707.4557867944241	58.231444746255875	289.6694894731045	149.1310542449355	236.1062877997756	724.5408888682723	603.2667049318552	21.052393428981304
