subject	hemi	CA1	CA2	CA4_DG	CA3	Tail	Sub	SRLM	Cyst
sub-9436688	L	525.0408828933723	67.32943961396813	304.4272955576889	124.59761027712375	397.4582705483772	568.6285888077691	521.3835401041433	13.246542722918093
sub-9436688	R	538.0347017990425	64.53994087642059	298.9436655608006	155.26779126841575	263.605246511288	577.1305994899012	508.5613826592453	21.119128048885614
