subject	hemi	CA1	CA2	CA4_DG	CA3	Tail	Sub	SRLM	Cyst
sub-6451366	L	524.2391817332245	71.50645136274397	356.0492942654528	143.68524265894666	293.21650488115847	757.7127999030054	541.433917903807	1.5401829681359231
sub-6451366	R	519.2753103096038	65.72242058767006	315.8948646225035	199.5943612391129	268.42098960466683	688.7192786461674	517.048482303042	6.642337073106319
