subject	hemi	CA1	CA2	CA4_DG	CA3	Tail	Sub	SRLM	Cyst
sub-7175272	L	650.2495435401797	59.547517359256744	285.0393934324384	149.27887399494648	320.44460774958134	395.8088383600116	471.9217044785619	1.49727101624012
sub-7175272	R	675.9177278727293	50.902446173131466	285.363643206656	157.22299346327782	307.96575982123613	588.1604801565409	583.0583145916462	1.9884140565991402
