subject	hemi	CA1	CA2	CA4_DG	CA3	Tail	Sub	SRLM	Cyst
sub-7698204	L	443.92078571068123	54.531060134992	249.30460100015625	84.94371329527348	253.09545381646603	578.7702418682165	462.4220548016019	3.9195987610146403
sub-7698204	R	523.6240622196347	72.93696185946465	265.8413023422472	103.10642823530361	307.84585889428854	518.9510612636805	455.26950231799856	14.080991656053811
