subject	hemi	CA1	CA2	CA4_DG	CA3	Tail	Sub	SRLM	Cyst
sub-6363167	L	487.947749895975	58.660541573539376	380.916818652302	160.45102937798947	308.9858911903575	605.7218286087736	551.2240778654814	5.102160582318902
sub-6363167	R	803.785795064643	69.03652421571314	362.9591207522899	180.95027082040906	285.05818857159466	603.6523541295901	604.12919156719	16.274461745284498
