subject	hemi	CA1	CA2	CA4_DG	CA3	Tail	Sub	SRLM	Cyst
sub-9845403	L	537.4340966213495	49.71985418489203	277.4717862298712	144.4341021636501	151.39116241643205	462.4943029731512	474.22927575046197	0.5245213350281119
sub-9845403	R	451.0263592391275	43.06320160580799	308.18966295942664	113.69715193100274	120.62083355337381	470.8580340789631	449.53862599795684	5.722050927579403
