subject	hemi	CA1	CA2	CA4_DG	CA3	Tail	Sub	SRLM	Cyst
sub-9589815	L	424.42412962019444	61.53596747200936	275.1928519755602	119.79128824733198	319.34329930786043	494.25708147045225	430.74223554041237	7.801072668284178
sub-9589815	R	435.76810998562723	70.27164297830313	287.55249767005444	131.94112514145672	238.11391489207745	513.2304727584124	417.4527553897351	5.369197936728597
