subject	hemi	CA1	CA2	CA4_DG	CA3	Tail	Sub	SRLM	Cyst
sub-9938814	L	545.049192730803	59.00865019066259	393.1573508582078	117.49754742207006	360.2412528973073	498.14744862774387	560.613171253819	10.37598568201065
sub-9938814	R	628.8486285652034	74.52494495594874	353.9803755073808	195.54155369848013	320.30133742280304	491.59570031566545	573.2445986764506	10.118493390269578
