subject	hemi	CA1	CA2	CA4_DG	CA3	Tail	Sub	SRLM	Cyst
sub-8065270	L	522.6756163062528	53.977976851165295	292.51581183169037	105.93416375666857	313.0436555016786	547.8001710791141	478.70645336061716	43.52570430189371
sub-8065270	R	607.0758097926155	70.59575506020337	255.76596487127244	162.48706176504493	265.5268234061077	550.2844931585714	457.84959198720753	73.1849813349545
