subject	hemi	CA1	CA2	CA4_DG	CA3	Tail	Sub	SRLM	Cyst
sub-6653277	L	471.224876887165	68.16865345090628	266.7379900244996	99.08201245497912	341.6252803467214	471.4013066701591	436.8067640857771	11.401178679428995
sub-6653277	R	531.33021241799	61.421406344510615	215.2681771153584	128.70314250793308	256.3381695728749	502.76766106300056	451.48858305439353	16.436580053530633
