subject	hemi	CA1	CA2	CA4_DG	CA3	Tail	Sub	SRLM	Cyst
sub-7027863	L	254.72154203988612	132.78479157574475	243.7447549458593	141.33447848260403	119.88158311508596	349.5215004310012	349.6836250014603	16.636841950938106
sub-7027863	R	402.53623497113585	165.4624292626977	256.819624716416	207.32871539890766	63.01877421140671	292.0578769426793	338.5065663792193	8.468624621629715
