subject	hemi	CA1	CA2	CA4_DG	CA3	Tail	Sub	SRLM	Cyst
sub-6631671	L	434.9184036254883	58.16936492919922	318.27449798583984	86.61270141601562	251.0547637939453	489.28260803222656	402.6460647583008	6.542205810546875
sub-6631671	R	613.6465072631836	60.96363067626953	263.40484619140625	165.08102416992188	292.5252914428711	490.25535583496094	495.8486557006836	8.840560913085938
