subject	hemi	CA1	CA2	CA4_DG	CA3	Tail	Sub	SRLM	Cyst
sub-6291976	L	622.2671154001728	45.63327147625387	364.73715449217707	159.48756855446845	196.2707510171458	628.4564556693658	561.4465952664614	36.98345387354493
sub-6291976	R	685.581491435878	55.513327745720744	353.57917588669807	195.49827557522804	246.28138333093375	619.1438350640237	601.0240407474339	57.09165719803423
