subject	hemi	CA1	CA2	CA4_DG	CA3	Tail	Sub	SRLM	Cyst
sub-7956199	L	520.1194638814777	47.321301095187664	276.2125843651593	112.91022658534348	326.03727956302464	766.7729243561625	567.5122905224562	33.979402620345354
sub-7956199	R	588.283309020102	56.24292084015906	303.5782581847161	144.6055801101029	293.09738154150546	783.7530889268965	566.0960847157985	31.890856683254242
