subject	hemi	CA1	CA2	CA4_DG	CA3	Tail	Sub	SRLM	Cyst
sub-6276475	L	585.2268983321264	39.91603071708232	262.5607931399718	111.53218952007592	353.23136106319726	639.0236560134217	546.3885193821043	14.119145496748388
sub-6276475	R	544.7529682489112	54.03040784318	280.0988603932783	147.8051850600168	266.6234449343756	651.9507088474929	561.7379045067355	10.490415431559086
