subject	hemi	CA1	CA2	CA4_DG	CA3	Tail	Sub	SRLM	Cyst
sub-8858912	L	574.5078255264089	65.61757415626198	284.1997701684013	113.90211422648281	458.66498368699104	623.808028941974	535.764798855409	2.3031239239498973
sub-8858912	R	539.5461182584986	62.26540827937424	296.35912007745355	128.7412894880399	381.6939145764336	840.983555062674	607.7195400819182	8.82625752221793
