subject	hemi	CA1	CA2	CA4_DG	CA3	Tail	Sub	SRLM	Cyst
sub-9369902	L	518.6322390055284	58.851276548579335	253.11008025240153	127.27268046978861	333.5907029705122	584.2784490399063	496.7215587478131	1.9693386172875762
sub-9369902	R	503.6213964698836	71.90231721568853	277.3429588312283	144.85844516847283	214.14292485173792	615.0773791344836	471.7829607613385	5.683902256190777
