subject	hemi	CA1	CA2	CA4_DG	CA3	Tail	Sub	SRLM	Cyst
sub-7268178	L	540.8904295577668	26.741014774888754	279.13079937454313	98.61941290553659	351.61954876966774	507.64535912079737	466.8519601551816	3.2806380465626717
sub-7268178	R	621.061021820642	49.31447482202202	292.4011710076593	124.72146620042622	299.6920075966045	622.1768202260137	581.1020874744281	15.61164093669504
