subject	hemi	CA1	CA2	CA4_DG	CA3	Tail	Sub	SRLM	Cyst
sub-8858710	L	434.3116752738133	60.41987700527534	230.10193234682083	87.15606596972793	215.72056157514453	356.1535027544014	379.96191928721964	3.337851306423545
sub-8858710	R	458.5730859125033	122.26072499528527	187.6921473192051	176.233780620154	168.4613554351963	263.04175638221204	371.32165276259184	2.3555693505331874
