subject	hemi	CA1	CA2	CA4_DG	CA3	Tail	Sub	SRLM	Cyst
sub-6570677	L	680.7276262925006	59.213609392754734	351.2047006445937	168.87179712066427	262.7323775109835	534.9013577750884	621.4043444069102	23.145664357580245
sub-6570677	R	627.2885120660067	64.52557274140418	361.90492124995217	174.05501449946314	197.48201264301315	590.2001360105351	604.4194131251425	27.656541671603918
