subject	hemi	CA1	CA2	CA4_DG	CA3	Tail	Sub	SRLM	Cyst
sub-6166973	L	537.9532717010006	65.45065555162728	343.8710494758561	107.99405849725008	303.8977983109653	467.5292055606842	512.4663305729628	11.23428125306964
sub-6166973	R	583.1812673229724	65.20270027779043	308.4134453171864	194.8451615292579	264.85437942296267	555.3149092402309	540.2420896133408	21.48627815209329
