subject	hemi	CA1	CA2	CA4_DG	CA3	Tail	Sub	SRLM	Cyst
sub-9515684	L	584.3112570438534	43.48753184080124	372.7100823763758	108.31351817585528	327.88740701414645	596.3084752578288	531.7876645848155	12.054438650608063
sub-9515684	R	600.7239856179804	55.637337885797024	321.40719256550074	156.25947570428252	307.5646152701229	654.4587439857423	579.0660503525287	15.692704746499658
