subject	hemi	CA1	CA2	CA4_DG	CA3	Tail	Sub	SRLM	Cyst
sub-6771081	L	614.9520802125335	56.81505862623453	299.5390980094671	132.87046652287245	265.1878028064966	476.3738818243146	471.5435289591551	0.2670283913612366
sub-6771081	R	615.5671991854906	51.61754172295332	316.95793218165636	164.20815559476614	229.70163694024086	579.1225921288133	524.7060206606984	20.775762520730495
