subject	hemi	CA1	CA2	CA4_DG	CA3	Tail	Sub	SRLM	Cyst
sub-7627786	L	523.4716789145023	50.36352589447051	332.64627247909084	119.19018114544451	373.04867305699736	644.9745195996948	546.3074037306942	5.192755131516606
sub-7627786	R	493.9316256181337	54.44048240268603	333.7811445831321	150.59943555435166	337.4146426641382	705.8523017521948	550.0267324750312	10.838505430612713
