subject	hemi	CA1	CA2	CA4_DG	CA3	Tail	Sub	SRLM	Cyst
sub-7243263	L	500.9983991580084	53.510655442252755	263.18544969521463	116.64865122828633	390.87764735054225	697.4791118204594	546.9082717830315	10.25676526967436
sub-7243263	R	538.6971375225112	56.638706589117646	302.8487567678094	127.26781266741455	270.99604082107544	662.0453495150432	522.7135591013357	16.899105586111546
