subject	hemi	CA1	CA2	CA4_DG	CA3	Tail	Sub	SRLM	Cyst
sub-9086990	L	379.452594215516	103.25428798701614	209.75583607004955	122.38498916942626	75.79801246151328	416.69833373092115	363.27828254783526	17.58098087226972
sub-9086990	R	452.53263567155227	86.58883419027552	267.20039168931544	117.19223403790966	197.9684249726124	476.56045303400606	434.994570130948	40.43577916920185
