subject	hemi	CA1	CA2	CA4_DG	CA3	Tail	Sub	SRLM	Cyst
sub-8699817	L	547.8378365607932	46.14826862420887	320.68707478651777	142.64573836466298	369.17184388870373	599.3648246526718	565.3902003555559	30.75120731117204
sub-8699817	R	589.7327206414193	64.42542440397665	337.5623302794993	150.76150124939159	304.7941031679511	741.6481670248322	615.2959432178177	39.477321341168135
