subject	hemi	CA1	CA2	CA4_DG	CA3	Tail	Sub	SRLM	Cyst
sub-8623581	L	704.3750700065866	72.4411788918078	314.617494950071	111.98532690061256	330.7584500941448	480.73343419795856	551.076527339872	17.60961516899988
sub-8623581	R	878.9071941375732	106.61613473156467	258.0502421068959	169.14862683182582	282.5406248602085	397.53956583794206	574.7133706631139	31.54281189898029
