subject	hemi	CA1	CA2	CA4_DG	CA3	Tail	Sub	SRLM	Cyst
sub-6686191	L	564.8895216817036	59.57122545177117	301.4037932907231	119.75757041713223	330.27149511454627	544.0469837444834	486.36880051670596	19.965158165898174
sub-6686191	R	705.1272340435535	66.60456872731447	290.58436556719244	152.0728025380522	262.29363631037995	564.9229002599604	536.7227700012736	23.68448545737192
