subject	hemi	CA1	CA2	CA4_DG	CA3	Tail	Sub	SRLM	Cyst
sub-7137567	L	614.1623910446651	72.97526558861136	313.51612239843234	128.44581345794722	361.4430953748524	700.3746755351312	614.2339167231694	14.495870843529701
sub-7137567	R	666.3665995956399	70.83426361205056	324.34511012397707	137.01458974275738	293.64628890994936	698.9870773721486	597.8163893171586	5.178459123708308
