subject	hemi	CA1	CA2	CA4_DG	CA3	Tail	Sub	SRLM	Cyst
sub-6086470	L	584.4394893581048	71.04864637367427	323.0138492616825	130.30035643000156	465.9646794386208	617.8705000779592	567.0635653724894	21.74374680966139
sub-6086470	R	560.0349945835769	72.80340488813818	394.43442814657465	157.99502341914922	355.7009949591011	678.6814656620845	570.6112293256447	29.926262056455016
