subject	hemi	CA1	CA2	CA4_DG	CA3	Tail	Sub	SRLM	Cyst
sub-9992517	L	457.930251841899	57.80216080415994	257.37744856998324	167.08362601697445	111.90406779013574	475.9642208372243	411.0953381792642	5.888934878166765
sub-9992517	R	565.5523248785175	55.99018084164709	306.2103085597046	167.71781900385395	248.61795596173033	609.7121839122847	517.048482303042	7.238383113406599
