subject	hemi	CA1	CA2	CA4_DG	CA3	Tail	Sub	SRLM	Cyst
sub-9646699	L	530.0994028663263	36.578146256972104	268.51630452647805	104.39386729290709	338.2584459884092	451.2878266265616	460.39063997613266	23.55096654454246
sub-9646699	R	601.1814555651508	87.90008448716253	168.59993421379477	171.04133831802756	281.7056087302044	338.8783337492496	437.0494815967977	18.291457312181592
