subject	hemi	CA1	CA2	CA4_DG	CA3	Tail	Sub	SRLM	Cyst
sub-7108358	L	492.471879132092	37.6271613612771	238.69954005628824	100.64109335839748	291.8858735784888	536.4266596958041	479.8023356348276	16.684506095945835
sub-7108358	R	596.4222171977162	58.32663005590439	222.09609615057707	116.17642369866371	246.82483253628016	509.2374474182725	448.5933923944831	45.738148748874664
