subject	hemi	CA1	CA2	CA4_DG	CA3	Tail	Sub	SRLM	Cyst
sub-8451275	L	613.8898141141981	40.54070310853422	292.6779364971444	115.97158789727837	339.5701117934659	739.369536803104	594.3919389070943	22.187237304635346
sub-8451275	R	618.0859819259495	48.77091406658292	295.97765027638525	154.37606011983007	289.6023362260312	667.147766715847	548.8921283846721	33.71239366941154
