subject	hemi	CA1	CA2	CA4_DG	CA3	Tail	Sub	SRLM	Cyst
sub-9198294	L	326.4281264911406	48.775630043353885	269.5128933112137	85.40145997423679	162.39628823800012	537.2853325246833	401.1722853463143	7.972710277885199
sub-9198294	R	440.2633612183854	90.41301410226151	296.5733782555908	117.99325109226629	173.41121691139415	481.32854119036347	404.5101425200701	21.0332685620524
