subject	hemi	CA1	CA2	CA4_DG	CA3	Tail	Sub	SRLM	Cyst
sub-9389605	L	569.4105465225875	54.59787594154477	253.81098171323538	124.4783887732774	338.1348977088928	547.6858371086419	524.5163105409592	7.0714978184551
sub-9389605	R	612.5071057155728	52.51886511966586	284.56699043139815	148.60635840333998	300.9892685748637	546.0359798967838	512.5763034354895	12.76493571139872
