subject	hemi	CA1	CA2	CA4_DG	CA3	Tail	Sub	SRLM	Cyst
sub-7130957	L	590.1336669921875	47.779083251953125	320.8446502685547	105.6051254272461	430.3264617919922	659.027099609375	570.6882476806641	11.987686157226562
sub-7130957	R	615.6778335571289	50.7354736328125	280.5137634277344	125.1077651977539	325.0741958618164	674.6816635131836	597.1384048461914	9.641647338867188
