subject	hemi	CA1	CA2	CA4_DG	CA3	Tail	Sub	SRLM	Cyst
sub-7620469	L	179.34301340393722	71.34906036965549	133.05171633325517	91.15685270912945	122.0034123249352	312.8286510426551	256.976780153811	0.16212444379925728
sub-7620469	R	269.36976337246597	139.0407840218395	193.24756864272058	218.96336644887924	172.3192102946341	249.8003893326968	324.92122720368207	1.2493118904531002
