subject	hemi	CA1	CA2	CA4_DG	CA3	Tail	Sub	SRLM	Cyst
sub-7607477	L	405.2208666955121	55.947287381161004	222.883159189485	90.51320285256952	217.4186069574207	370.41176434466615	334.2436764910817	12.645717730745673
sub-7607477	R	433.29226197488606	63.40024998039007	245.8047146690078	113.31554907746613	200.28585288254544	381.56021383730695	406.32236020825803	28.958312133792788
