subject	hemi	CA1	CA2	CA4_DG	CA3	Tail	Sub	SRLM	Cyst
sub-8749907	L	669.2316762134433	67.68229267373681	324.16833188943565	145.64519849419594	406.78040181845427	680.1464830283076	634.1412160340697	46.262759160250425
sub-8749907	R	628.3714841660112	66.06104570254683	334.7636576835066	162.6873651854694	392.13672696985304	777.9839693661779	617.2421005461365	37.73690744116902
