subject	hemi	CA1	CA2	CA4_DG	CA3	Tail	Sub	SRLM	Cyst
sub-9578406	L	671.7447402188554	55.35128975659609	339.298447098583	152.4020134313032	438.1754581592977	786.3764602178708	640.4212889429182	29.41610152553767
sub-9578406	R	669.6323503702879	64.5828625485301	356.17372401524335	203.0040023094043	325.246047812514	775.819279349409	663.7624815134332	34.80436457041651
