subject	hemi	CA1	CA2	CA4_DG	CA3	Tail	Sub	SRLM	Cyst
sub-9329687	L	403.1229806514457	88.7775594536215	143.22760518360883	180.43998427782208	9.28878965601325	357.7566845593974	315.5089040910825	0.00953674502670765
sub-9329687	R	380.7545451913029	87.41380491480231	142.6315586194396	154.33791313972324	50.39692909363657	435.40963093936443	349.62660942412913	0.0
