subject	hemi	CA1	CA2	CA4_DG	CA3	Tail	Sub	SRLM	Cyst
sub-7716381	L	467.0525509379804	46.286591987125576	246.9110971139744	130.22425333969295	289.2304031699896	662.4175411826	511.1075445888564	6.642342911101878
sub-7716381	R	589.8524482743815	46.09108871407807	283.0458240201697	144.82977834809572	246.8061929186806	656.6144318338484	583.7250895947218	7.34329367056489
