subject	hemi	CA1	CA2	CA4_DG	CA3	Tail	Sub	SRLM	Cyst
sub-9572797	L	244.52230963855982	200.20502520445734	87.52353731309995	118.06498413905501	261.06857357081026	329.4280086522922	312.3906020154245	2.698900687508285
sub-9572797	R	284.9772096965462	113.83066645264626	246.92080265237018	147.86256434442475	265.98953736852854	482.4165769526735	463.12372857518494	1.8835084303282201
