subject	hemi	CA1	CA2	CA4_DG	CA3	Tail	Sub	SRLM	Cyst
sub-8151667	L	428.5050275400281	81.21015227492899	321.4073808901012	84.15700648818165	244.25988199654967	406.6754181738943	395.52696323767304	7.328988553024828
sub-8151667	R	588.7557225963101	112.97228158637881	309.9156031329185	134.41565277893096	217.1993679832667	327.6730223726481	393.67683470249176	8.978845442645252
