subject	hemi	CA1	CA2	CA4_DG	CA3	Tail	Sub	SRLM	Cyst
sub-9745500	L	715.2742519825697	62.08414949476719	356.640537109226	142.1498141773045	420.66064395383	680.3745676390827	605.8974300846457	15.78806597366929
sub-9745500	R	683.5741424709558	63.93427622318268	343.8327010460198	135.97477780282497	352.4634468667209	771.2405855171382	619.8592111691833	5.745883267372847
