subject	hemi	CA1	CA2	CA4_DG	CA3	Tail	Sub	SRLM	Cyst
sub-7625176	L	535.1838936321437	44.36977556440979	252.0136494738981	116.93021347559988	255.003423711285	517.7793067637831	476.61865091510117	9.89915680512786
sub-7625176	R	728.2269880920649	59.47600329015404	290.15592080540955	137.50100464001298	281.5013111708686	508.22824169602245	548.4638318317011	43.14907029364258
