subject	hemi	CA1	CA2	CA4_DG	CA3	Tail	Sub	SRLM	Cyst
sub-6405157	L	506.4720435230993	80.65215030033141	252.64712850376964	100.40749254310504	245.04635236691684	459.9995440063067	419.82128821639344	5.817407080903649
sub-6405157	R	459.16984824230894	107.82230238802731	173.74973706062883	127.44413036992773	98.49537759274244	432.56713176332414	370.9646054697223	0.0
