subject	hemi	CA1	CA2	CA4_DG	CA3	Tail	Sub	SRLM	Cyst
sub-9157179	L	594.9694930054247	58.64150243625045	273.9814154319465	111.7707608640194	367.4416079632938	489.62650456652045	513.5875998456031	12.121214766055346
sub-9157179	R	555.272753065452	65.89897248893976	297.1652652323246	126.85313785262406	246.73013990558684	500.25044890120625	480.5522828120738	6.289489487186074
