subject	hemi	CA1	CA2	CA4_DG	CA3	Tail	Sub	SRLM	Cyst
sub-8959211	L	450.601973795332	90.68020207481459	251.39830750320107	114.69851084332913	133.91506520844996	403.9911006144248	388.9039596687071	1.9884126973338425
sub-8959211	R	387.19688114197925	149.5171907376498	267.6966158952564	162.66360274376348	206.31808294542134	265.59853055514395	356.14044973254204	6.594663694035262
