subject	hemi	CA1	CA2	CA4_DG	CA3	Tail	Sub	SRLM	Cyst
sub-7447784	L	519.6188865490258	56.681621924974024	304.25065773911774	113.15820391196758	257.14392408076674	558.8291984098032	532.0261869821697	7.843969720415771
sub-7447784	R	658.6407328704372	71.7305996986106	341.85879706125706	128.6792503800243	286.1451543783769	477.4092695489526	574.9081442439929	11.692044835537672
