subject	hemi	CA1	CA2	CA4_DG	CA3	Tail	Sub	SRLM	Cyst
sub-7101546	L	565.0102758365683	74.9541866122745	321.13617951376364	109.69184482656419	302.22954741772264	399.1659721038304	451.06980321742594	0.16689334763213992
sub-7101546	R	623.3466534060426	79.884692939464	290.5899285157211	138.62638292461634	219.33123745815828	332.6613572631031	489.0022769435309	4.115113114472479
