subject	hemi	CA1	CA2	CA4_DG	CA3	Tail	Sub	SRLM	Cyst
sub-6752784	L	345.1827222062275	43.39698790991679	190.5490642641671	99.44447674555704	305.4573836415075	545.4926516776904	352.9790165950544	3.371241671498865
sub-6752784	R	499.76392801478505	59.66191767156124	274.07670267950743	104.06026449380443	159.91701829852536	556.3264014339074	435.29071918828413	6.451612420845777
