subject	hemi	CA1	CA2	CA4_DG	CA3	Tail	Sub	SRLM	Cyst
sub-7195884	L	559.1250557983294	54.08288104645908	234.62776951957494	87.33751095458865	292.1629522657022	480.6519493460655	496.06809768173844	4.6634683180600405
sub-7195884	R	752.2965946868062	75.76467086467892	194.16336037125438	122.67591965105385	286.7603862080723	409.4315374866128	516.224008295685	10.352136726491153
