subject	hemi	CA1	CA2	CA4_DG	CA3	Tail	Sub	SRLM	Cyst
sub-9460079	L	534.233629565686	61.18292796984315	316.2047776840627	125.36515932157636	234.45587914809585	382.0130224749446	443.2722443304956	27.995087686926126
sub-9460079	R	498.62345841154456	64.66860487312078	280.47539733350277	133.79086532443762	224.16574131324887	397.0906016379595	447.25859985873103	19.24513266980648
