subject	hemi	CA1	CA2	CA4_DG	CA3	Tail	Sub	SRLM	Cyst
sub-8206666	L	506.4343911563046	126.39044481050223	269.8707317020744	92.52547314204276	285.8543116841465	285.04368859436363	391.81705463211983	2.1123884045518935
sub-8206666	R	490.6463143900037	114.64117837976664	262.00291936006397	133.97692325664684	219.00174863263965	317.88822884391993	429.05803305096924	8.330344340298325
