subject	hemi	CA1	CA2	CA4_DG	CA3	Tail	Sub	SRLM	Cyst
sub-8244977	L	622.3388232300058	62.98060880228877	294.72807763936	135.84127676859498	369.767889929004	600.2946564755403	514.8836430846713	31.228044143412262
sub-8244977	R	634.5553828720003	59.647519344929606	292.6156904725358	152.96448741434142	276.4747637012042	725.1400758926757	570.4112921990454	21.882042231503874
