subject	hemi	CA1	CA2	CA4_DG	CA3	Tail	Sub	SRLM	Cyst
sub-9481794	L	376.0431728102267	60.23881466500461	233.36401406675577	82.83611876517534	207.84369932860136	361.9049565922469	355.87773726694286	9.07420757599175
sub-9481794	R	406.3556991163641	114.00695162080228	101.18003707565367	101.66641078703105	48.04609329253435	230.15013287588954	245.51382011175156	14.400476552546024
