subject	hemi	CA1	CA2	CA4_DG	CA3	Tail	Sub	SRLM	Cyst
sub-7670989	L	563.0928916241974	48.80434033460915	379.38639277406037	153.4511457066983	394.4163176137954	638.5000081900507	620.8713177926838	15.831012204289436
sub-7670989	R	698.8438212759793	53.85882013477385	395.87067265063524	172.40544495731592	299.86416671052575	620.270502269268	612.3168491497636	21.677042614668608
