subject	hemi	CA1	CA2	CA4_DG	CA3	Tail	Sub	SRLM	Cyst
sub-7840988	L	601.0388741050847	49.96776092844084	221.5814374065958	128.39316067937762	318.7036203048192	572.957936600782	453.1669174153358	11.5728366994299
sub-7840988	R	739.2215006863698	63.57669209456071	227.82800356904045	165.07147130649537	239.4103770107031	497.6081362199038	528.8123568054289	7.867812342010438
