subject	hemi	CA1	CA2	CA4_DG	CA3	Tail	Sub	SRLM	Cyst
sub-6954998	L	376.22470152564347	102.00505468994379	388.2123935362324	116.96821202058345	300.49815545557067	429.8164559039287	446.0432323208079	0.5054476344957948
sub-6954998	R	565.3336424357258	67.10532604018226	292.28224720805883	152.3018626961857	286.03567738551646	518.145814219024	520.5633797915652	9.016995064448565
