subject	hemi	CA1	CA2	CA4_DG	CA3	Tail	Sub	SRLM	Cyst
sub-6317665	L	472.64168355613947	60.27230508625507	204.65880809351802	94.65708293253556	257.2444869298488	480.4808979202062	464.01091834995896	1.4877341128885746
sub-6317665	R	524.1210985649377	118.97581362398341	239.4298246037215	151.89669925021008	208.75484528252855	305.0045666564256	403.39529000688344	3.476147975306958
