subject	hemi	CA1	CA2	CA4_DG	CA3	Tail	Sub	SRLM	Cyst
sub-7307768	L	567.4120993469842	41.80429324740544	305.2996098389849	133.0756491329521	329.94731051148847	634.1215852065943	529.9327170127071	7.543560159392655
sub-7307768	R	569.9774820054881	47.62170373694971	338.6257425532676	151.49585956009105	274.39104033634067	638.1890041800216	525.2358732977882	24.39020873280242
