subject	hemi	CA1	CA2	CA4_DG	CA3	Tail	Sub	SRLM	Cyst
sub-7495593	L	423.99846004741266	55.83758214954287	333.37563777994365	156.45013410132378	352.81627163337544	682.0243563135155	541.4719590940513	7.066720473580062
sub-7495593	R	527.9393324381672	65.00238427519798	351.8864399921149	163.81249335315078	281.24784546066076	701.7701656799763	564.2123031821102	15.568719531875104
