subject	hemi	CA1	CA2	CA4_DG	CA3	Tail	Sub	SRLM	Cyst
sub-7777200	L	473.44758576899767	56.48144964128733	254.6219035834074	105.5766801610589	361.74353855103254	680.3618571311235	539.2750583142042	7.314693436026573
sub-7777200	R	488.3630753830075	55.236902713775635	280.23763574659824	133.64812752604485	320.9166772738099	669.0655672028661	516.8922871351242	7.59125941991806
