subject	hemi	CA1	CA2	CA4_DG	CA3	Tail	Sub	SRLM	Cyst
sub-8127165	L	489.0632629394531	35.576820373535156	213.68980407714844	137.5579833984375	217.05150604248047	461.4543914794922	470.98636627197266	0.5435943603515625
sub-8127165	R	687.0555877685547	56.433677673339844	335.0830078125	128.80802154541016	233.9649200439453	489.2587661743164	543.7183380126953	28.862953186035156
