subject	hemi	CA1	CA2	CA4_DG	CA3	Tail	Sub	SRLM	Cyst
sub-8517582	L	493.28486147196963	60.56805102434009	337.3824501791969	142.66536912275478	320.1733416807838	622.4652323033661	519.4108535647392	5.335824995767325
sub-8517582	R	636.0169880120084	56.17636664444581	390.8074575541541	186.08630067901686	276.86208302434534	570.3562997262925	581.9911638814956	48.76629332592711
