subject	hemi	CA1	CA2	CA4_DG	CA3	Tail	Sub	SRLM	Cyst
sub-6880490	L	485.5683310823515	80.07054252177477	286.5792999975383	102.37699785269797	348.1390131916851	433.71225974336267	457.01530531886965	15.01084253564477
sub-6880490	R	460.63926984462887	112.4621096579358	227.32271162699908	139.8230418274179	249.5385678447783	452.33276168163866	450.2680555768311	9.655958111397922
