subject	hemi	CA1	CA2	CA4_DG	CA3	Tail	Sub	SRLM	Cyst
sub-7131454	L	536.7473456766456	50.7212031907402	290.0077894949354	118.85174292838201	379.7056886414066	591.9460528437048	524.587989830412	13.766298167873174
sub-7131454	R	554.328343717847	54.83154230425134	291.7244044379331	135.3026361321099	234.36085509276018	600.6054215561599	510.3019388047978	12.993821443524212
