subject	hemi	CA1	CA2	CA4_DG	CA3	Tail	Sub	SRLM	Cyst
sub-8913388	L	732.9451074916869	49.80555362533778	347.20836641732603	129.29893653467298	482.86353109776974	812.6149198394269	684.4699271991849	19.85546436533332
sub-8913388	R	722.4737819042057	57.98806487675756	352.1913059614599	148.4439147831872	386.633193355985	882.4046836365014	715.5358134480193	20.055735619738698
