subject	hemi	CA1	CA2	CA4_DG	CA3	Tail	Sub	SRLM	Cyst
sub-8724991	L	481.85315571539104	67.56301076011732	300.0591134238057	119.83863267861307	341.04800752317533	508.2079274333082	452.5610691108741	27.656536269932985
sub-8724991	R	525.0164257697761	70.90563695412129	261.5450024837628	175.080179693643	266.76159742847085	531.2200729572214	488.1664753742516	11.73495444143191
