subject	hemi	CA1	CA2	CA4_DG	CA3	Tail	Sub	SRLM	Cyst
sub-8867610	L	395.5414614905603	46.93034519162029	221.8915548818186	93.38862127391621	254.72658404149115	344.57707118289545	319.2188537749462	35.98215655516833
sub-8867610	R	417.8383822501637	113.3204281120561	284.30481318430975	213.64226640574634	270.17135015362874	363.36923643387854	404.01963195903227	13.189324812032282
