subject	hemi	CA1	CA2	CA4_DG	CA3	Tail	Sub	SRLM	Cyst
sub-9096690	L	601.5681045521051	51.064481298439205	319.1756578758359	115.76173428725451	327.3677186537534	627.8752054320648	564.3175930287689	36.21100672148168
sub-9096690	R	551.237952333875	66.79533607512712	333.9623752636835	151.18119148071855	354.43775883782655	755.739064430818	572.9292704239488	31.657212750054896
