subject	hemi	CA1	CA2	CA4_DG	CA3	Tail	Sub	SRLM	Cyst
sub-8796916	L	343.23222188372165	66.80489891208708	135.4742314768955	81.57731695845723	123.69158299639821	360.0311982482672	319.5191053748131	0.12874605786055326
sub-8796916	R	359.5209823893383	79.07392138894647	286.86052203085274	112.9007559986785	212.04952566884458	435.64328119251877	404.97310918662697	8.983613815158606
