subject	hemi	CA1	CA2	CA4_DG	CA3	Tail	Sub	SRLM	Cyst
sub-8854398	L	526.2991168485023	47.273603548295796	265.4264542981982	107.7603557179682	401.0626912289299	716.51409759745	540.9809229131788	4.863735688850284
sub-8854398	R	507.5975762880407	62.93292511906475	316.39554329635575	138.96455801976845	358.35241616517305	845.4650821401738	584.0917409160174	11.601440128404647
