subject	hemi	CA1	CA2	CA4_DG	CA3	Tail	Sub	SRLM	Cyst
sub-6604264	L	541.3578883456066	51.84172571450472	285.6587805720046	116.686798193492	350.1223833989352	504.70342315360904	523.9294936172664	2.9611581740900874
sub-6604264	R	654.5303973695263	44.7416218155995	241.19849262479693	146.6941546984017	321.85548218153417	591.2970341704786	561.8809556262568	11.3773323725909
