subject	hemi	CA1	CA2	CA4_DG	CA3	Tail	Sub	SRLM	Cyst
sub-8001042	L	348.5487530082464	63.0569211691618	284.9148591030389	133.9292003083974	310.5019310172647	571.6321619600058	464.42013718932867	9.779926294460893
sub-8001042	R	326.85743915475905	98.80062058568001	267.6247505005449	197.76813411153853	265.57911989092827	539.3836775477976	419.82157520391047	20.661345994099975
