subject	hemi	CA1	CA2	CA4_DG	CA3	Tail	Sub	SRLM	Cyst
sub-7530670	L	567.9701649472117	63.50039195548743	361.86211194097996	165.09529703948647	403.3946203086525	653.6387120578438	625.0475616361946	3.5190575402230024
sub-7530670	R	543.4368979493156	92.18214141950011	407.2188535705209	185.9426135243848	386.04251951072365	743.3174588857219	614.123224475421	12.903210980817676
