subject	hemi	CA1	CA2	CA4_DG	CA3	Tail	Sub	SRLM	Cyst
sub-9686611	L	525.368002384901	49.11407381296158	242.79041711986065	102.28601916134357	370.7206585109234	591.1760929375887	546.2772464305162	11.157954633235931
sub-9686611	R	581.4343402385712	48.36067345738411	297.74572786688805	114.2879729270935	306.13803562521935	632.961202532053	582.7837851792574	11.415445894002914
