subject	hemi	CA1	CA2	CA4_DG	CA3	Tail	Sub	SRLM	Cyst
sub-6937998	L	717.7599735092372	58.71302809379995	424.70981777459383	161.38572531752288	440.90322664380074	710.4023675359786	668.2975971251726	54.28320570290089
sub-6937998	R	682.7839269675314	59.93373264931142	458.6511264704168	175.17587209306657	373.5546674951911	810.3380162641406	673.6286428011954	91.21905526146293
