subject	hemi	CA1	CA2	CA4_DG	CA3	Tail	Sub	SRLM	Cyst
sub-9688312	L	497.3031061626971	54.988871823996305	319.83381796069443	118.28424856625497	317.7309656823054	567.7510416749865	550.4704596865922	26.946073072962463
sub-9688312	R	498.2281704302877	60.19593460857868	320.63967291545123	151.43874265160412	269.1841651238501	690.3363622482866	569.8777358159423	38.91468808148056
