subject	hemi	CA1	CA2	CA4_DG	CA3	Tail	Sub	SRLM	Cyst
sub-8502872	L	416.2982784844935	65.0358771677129	292.15361523488536	134.70184721099213	330.90620514191687	529.9525150335394	449.9344011871144	50.23960714414716
sub-8502872	R	448.28454316966236	54.73141712229699	285.34914300683886	159.31143457535654	224.29485960956663	560.1315653007478	438.42354207113385	45.78594417218119
