subject	hemi	CA1	CA2	CA4_DG	CA3	Tail	Sub	SRLM	Cyst
sub-7134056	L	531.4261507354677	47.411978831049055	296.6693829782307	144.80609203875065	375.56695933733135	789.891292097047	560.646768886596	19.45021237572655
sub-7134056	R	633.0831935494207	55.9902901975438	314.1836340338923	158.42457856610417	343.65220782207325	837.5369214322418	617.3141687083989	19.85552447475493
