subject	hemi	CA1	CA2	CA4_DG	CA3	Tail	Sub	SRLM	Cyst
sub-9717999	L	535.4448472908698	59.452016243711114	253.83455090643838	117.94559045461938	306.57270455220714	439.31454191124067	456.4139107153751	5.06877552671358
sub-9717999	R	571.7607404342853	63.72447426058352	308.7852274538018	132.62262815097347	294.1844836506061	501.1459739478305	518.946292895358	12.793532209005207
