subject	hemi	CA1	CA2	CA4_DG	CA3	Tail	Sub	SRLM	Cyst
sub-9548396	L	637.3315690653399	58.507970734499395	326.3381011513993	136.7379436660558	418.935190286953	689.2019607238472	602.2124814973213	25.23901296639815
sub-9548396	R	567.8706391802989	61.94596966682002	317.4212384559214	136.80470092687756	351.85367991263047	701.0990582774393	586.3242534217425	12.311946245841682
