subject	hemi	CA1	CA2	CA4_DG	CA3	Tail	Sub	SRLM	Cyst
sub-7888815	L	540.6338351536542	58.99913072399795	280.6857537329197	114.91788979619741	292.93571468256414	519.4336302559823	480.7239443901926	25.6872478146106
sub-7888815	R	496.30223260447383	53.85882013477385	275.4310020916164	137.5867548622191	189.81002162769437	620.3086492866278	456.2717062626034	18.32487346418202
