subject	hemi	ParaSub	PreSub	Sub	CA1	CA3	CA4_DG	Tail	SRLM	Cyst
sub-9096690	L	3.143997953273356	272.8798223566264	409.8637331807986	670.7035633753985	116.38392423465848	507.62366953957826	386.8797481432557	612.8076010653749	52.183966028504074
sub-9096690	R	0.07999994792044163	321.61579062975943	462.87969866767526	547.6876434581354	182.9438809044659	488.6476818928495	399.69573980011046	643.2395812543109	43.83997146040201
