subject	hemi	ParaSub	PreSub	Sub	CA1	CA3	CA4_DG	Tail	SRLM	Cyst
sub-7777200	L	5.887979030609131	294.2629520148039	417.9745114296675	499.15822230279446	97.67965212464333	418.4465097486973	355.14273519814014	564.3579901009798	9.135967463254929
sub-7777200	R	0.3279988318681717	268.6790431290865	398.06258234381676	491.7822485715151	149.5594673603773	410.21453906595707	338.2467953711748	556.2940188199282	15.03194646537304
