subject	hemi	ParaSub	PreSub	Sub	CA1	CA3	CA4_DG	Tail	SRLM	Cyst
sub-8065270	L	4.495987128466368	238.98331581614912	341.1910232063383	608.9742565713823	117.41566385142505	426.85477796010673	360.07096915505826	504.9345544259995	56.57583802938461
sub-8065270	R	0.0	231.63933684118092	342.3910197708756	576.6863490082324	236.96732158772647	386.2708941474557	325.9910667221993	500.0465684197843	89.31974428705871
