subject	hemi	ParaSub	PreSub	Sub	CA1	CA3	CA4_DG	Tail	SRLM	Cyst
sub-6515366	L	3.1120015969499946	261.77613433264196	392.6802015071735	448.032229911536	121.68806244526058	458.1282350923866	327.18416789732873	538.4402763051912	30.472015636973083
sub-6515366	R	0.07200003694742918	254.6961306994781	422.52021681983024	457.9442349979654	206.53610598575324	470.2242412995547	335.16017199028283	578.3202967699617	5.1360026355832815
