subject	hemi	ParaSub	PreSub	Sub	CA1	CA3	CA4_DG	Tail	SRLM	Cyst
sub-9717999	L	4.863969653844833	278.9502596380189	424.22935324627906	545.2365982858464	118.3992613106966	441.01324853207916	358.325764416717	591.9643067531288	24.287848468869925
sub-9717999	R	0.343997853808105	275.0782837951556	390.87756132707	550.8285633977503	177.23889421205968	437.54927014373243	363.36573297251016	598.9082634299994	38.02376277092844
