subject	hemi	ParaSub	PreSub	Sub	CA1	CA3	CA4_DG	Tail	SRLM	Cyst
sub-6405157	L	3.591993061825633	285.4954485464841	371.3512827102095	490.11105331778526	123.77576091885567	400.7752258758992	299.63942122645676	498.99903615005314	33.0959360729903
sub-6405157	R	0.07999984547495842	248.70351961255074	347.40732895955443	530.5509752053767	195.43162251077592	381.78326256014407	319.9913819152862	519.9349957108498	18.327964598312974
