subject	hemi	ParaSub	PreSub	Sub	CA1	CA3	CA4_DG	Tail	SRLM	Cyst
sub-7468388	L	3.047977790236473	317.1736888438463	400.5250814855099	446.2767481058836	74.94345390796661	451.28471161425114	369.53330731391907	531.0361304879189	4.455967530608177
sub-7468388	R	0.0	256.96612755954266	417.03696116805077	582.4917555451393	241.9502369761467	424.18090911209583	333.7495680600405	579.6917759478092	14.711892798542976
