subject	hemi	ParaSub	PreSub	Sub	CA1	CA3	CA4_DG	Tail	SRLM	Cyst
sub-7134056	L	4.464022558182478	328.0256576221436	526.7066616229713	552.4347916357219	98.39249720983207	495.65050468593836	408.0740621332079	593.6830000765622	36.55218471027911
sub-7134056	R	1.104005578905344	302.1535268817097	522.7786417733878	634.4672061726451	162.54482139274478	519.5466254409403	446.7382575161755	673.5554036982358	20.752104867249727
