subject	hemi	ParaSub	PreSub	Sub	CA1	CA3	CA4_DG	Tail	SRLM	Cyst
sub-8623581	L	5.792038034647703	307.7380208270624	409.68269026838243	730.7727987747639	131.9448664439842	495.1632515946403	402.61864388082176	700.6686010891572	25.032164379023015
sub-8623581	R	0.38400252163410187	273.1857939325273	398.8426190847531	785.6051588431001	230.06551077403128	508.0033359117806	363.8983896160498	681.0044719604775	52.2323429947719
