subject	hemi	ParaSub	PreSub	Sub	CA1	CA3	CA4_DG	Tail	SRLM	Cyst
sub-6631671	L	5.2080172235146165	230.81676333770156	341.8091304022819	477.44957898091525	96.31231851596385	432.0974289961159	326.6410802397877	474.0815678425133	31.176103102974594
sub-6631671	R	0.4240014022216201	224.46474233083427	341.4171291058883	555.1218358520418	209.6566933589056	355.52117574959993	334.9931078609079	544.0017990767956	21.008069476112723
