subject	hemi	ParaSub	PreSub	Sub	CA1	CA3	CA4_DG	Tail	SRLM	Cyst
sub-9436688	L	5.992036557756364	281.953720215708	368.74624974187464	559.6034141723067	117.32871582917869	472.39488210808486	362.5462119150907	567.7794640548527	32.87220055516809
sub-9436688	R	0.12000073213130236	269.23364260978997	373.602279368788	564.4834439456463	185.70513299759477	461.98681860789657	360.3381984438747	608.467712296173	38.59223545342684
