subject	hemi	ParaSub	PreSub	Sub	CA1	CA3	CA4_DG	Tail	SRLM	Cyst
sub-7620469	L	3.072006940841675	322.20072797499597	286.2886468358338	327.1127390731126	67.68015291541815	394.20889066904783	168.04037966765463	401.9689082019031	25.344057261943817
sub-7620469	R	0.024000054225325584	215.60048712417483	252.5365705769509	516.4491668567061	224.49650722369552	354.8728017937392	204.8884629216045	451.61702037602663	26.30405943095684
