subject	hemi	ParaSub	PreSub	Sub	CA1	CA3	CA4_DG	Tail	SRLM	Cyst
sub-7567693	L	3.927987382747233	269.00713591091335	306.61501510906965	477.8464650893584	123.83160223532468	374.9427956305444	257.9031715784222	475.36647305544466	15.29595086723566
sub-7567693	R	0.6479979185387492	272.0631260946393	333.4629288697615	534.9822815610096	200.74335518386215	402.87870589643717	287.8230754714459	532.1422906834632	36.98388120252639
