subject	hemi	ParaSub	PreSub	Sub	CA1	CA3	CA4_DG	Tail	SRLM	Cyst
sub-7888815	L	3.10399292036891	268.59938737470657	360.17517850734293	566.9667068542913	113.11174201313406	432.1510143438354	298.6313188774511	544.4387582363561	34.18392203282565
sub-7888815	R	0.0	229.07947751227766	386.41511865891516	546.0147546418011	187.33557272236794	422.3110367869958	305.35130355041474	527.3827971378341	28.719934495165944
