subject	hemi	ParaSub	PreSub	Sub	CA1	CA3	CA4_DG	Tail	SRLM	Cyst
sub-8451275	L	5.880001648329198	302.64008483849466	435.44012206606567	613.9041720945388	109.72003075759858	486.61613641213626	350.4400982381776	616.6321728592739	26.25600736029446
sub-8451275	R	0.46400013007223606	271.6080761393532	407.0161140980199	643.2401803182438	175.9920493355021	458.40012850239873	366.64010277949274	615.5041725430638	40.55201136786491
