subject	hemi	ParaSub	PreSub	Sub	CA1	CA3	CA4_DG	Tail	SRLM	Cyst
sub-6570677	L	3.9600066421553493	289.8084860984236	382.86464218236506	797.8013381594792	92.40815499704331	572.0649595297873	316.1445302721113	675.713133379817	28.480047769844532
sub-6570677	R	0.2480004159733653	295.1524950619787	378.5846350034699	771.2092935563996	144.58424251247197	566.2969498550519	343.6005763243884	700.4011747892946	44.9280753582716
