subject	hemi	ParaSub	PreSub	Sub	CA1	CA3	CA4_DG	Tail	SRLM	Cyst
sub-7716381	L	3.3759958371520042	280.2396544441581	441.6234554462135	507.19937458634377	104.91987062618136	438.999458681792	306.69562182202935	545.247327670455	20.023975308984518
sub-7716381	R	0.20799974352121353	256.0396842844784	389.5435196645558	562.7193061262369	193.47976142540574	477.4954112134874	316.0396103002131	610.6872469782829	10.007987659424543
