subject	hemi	ParaSub	PreSub	Sub	CA1	CA3	CA4_DG	Tail	SRLM	Cyst
sub-8858912	L	3.6959743592888117	346.3975968770683	523.7723663449287	486.1326274694875	86.43140038475394	342.21362590324134	407.46917319484055	547.2522034542635	10.039930348284543
sub-8858912	R	0.0479996670037508	315.2378130471334	481.7406579386443	563.1320932880044	153.6709339125082	395.25325794238597	413.1811335682869	603.0758161796257	17.759876791387796
