subject	hemi	ParaSub	PreSub	Sub	CA1	CA3	CA4_DG	Tail	SRLM	Cyst
sub-9157179	L	4.919997942633927	270.45588690508157	377.21584226191044	602.0317482519895	84.07996484078467	448.31981252878904	369.19184561725706	570.3437615027651	22.07199077028781
sub-9157179	R	0.03999998327344656	254.68789349868894	359.4878496751189	556.2957673771307	136.33594298921525	438.51181663013995	318.23986692354083	557.6797667983919	10.439995634369552
