subject	hemi	ParaSub	PreSub	Sub	CA1	CA3	CA4_DG	Tail	SRLM	Cyst
sub-9882308	L	2.0800030045211315	324.2244683355093	330.9364780308679	628.5129078738391	137.7761990148574	543.5447851391509	314.60045443382114	579.7448374293745	58.66408473905176
sub-9882308	R	0.18400026578456163	302.6804372156039	411.7685947911814	584.3048440162092	223.35232262779027	553.22479912173	367.6565310722217	613.5288862297311	87.92812701035291
