subject	hemi	ParaSub	PreSub	Sub	CA1	CA3	CA4_DG	Tail	SRLM	Cyst
sub-7530670	L	5.68802013527602	295.3690455900505	401.1374200042337	651.4903062395751	110.80039222724736	552.8739571431652	382.689354699105	658.5463312175125	11.136039420962334
sub-7530670	R	0.3120011044666171	338.1451970152557	448.3935872884467	613.5541719477624	200.82471090834588	552.433955585584	432.417530734092	680.0584073690698	26.752094700932503
