subject	hemi	ParaSub	PreSub	Sub	CA1	CA3	CA4_DG	Tail	SRLM	Cyst
sub-6317665	L	4.7519603949040174	277.437687702477	368.3009304050356	532.8115592952818	157.08669076487422	404.5086286328733	310.021416134201	539.9075001543388	18.167848580516875
sub-6317665	R	0.007999933324754238	243.6939689386636	316.42936272732913	562.0833153305575	242.86997580621392	361.5729864789173	281.1096570985392	547.7154350792989	31.055741166695952
