subject	hemi	ParaSub	PreSub	Sub	CA1	CA3	CA4_DG	Tail	SRLM	Cyst
sub-9460079	L	4.544027723371983	255.20155699923635	342.058086915873	522.0671851616353	82.33650233969092	509.53110867831856	325.441985540092	549.8753548208624	43.648266300559044
sub-9460079	R	0.0	235.54543707612902	322.56196796894073	516.6911523621529	173.08105597738177	433.3066436285153	334.63404162134975	529.3072293335572	33.26420294679701
