subject	hemi	ParaSub	PreSub	Sub	CA1	CA3	CA4_DG	Tail	SRLM	Cyst
sub-7625176	L	2.3359892331063747	242.1828837459907	369.9822947010398	540.1575103402138	76.46364756859839	422.726051597856	319.82252589426935	541.4695042930543	28.391869137994945
sub-7625176	R	0.0	234.83091763220727	329.19848267920315	654.4849833892658	200.53507570642978	425.9980365168303	336.070451005362	576.517342752777	58.47173049580306
