subject	hemi	ParaSub	PreSub	Sub	CA1	CA3	CA4_DG	Tail	SRLM	Cyst
sub-7027863	L	5.016007245518267	264.97638275288045	312.56045148707926	560.7368099726737	144.8882092880085	379.0645475508645	289.296417882666	526.1927600745112	34.64005003683269
sub-7027863	R	0.3120004506781697	256.15237000677735	311.86445048172027	676.7529775556177	228.49633005820215	357.0645157722756	236.85634213406593	521.8087537419051	32.63204713631421
