subject	hemi	ParaSub	PreSub	Sub	CA1	CA3	CA4_DG	Tail	SRLM	Cyst
sub-7447784	L	4.471987717784941	245.8793246978894	335.39107885584235	724.78200940229	118.87167352158576	497.31863412540406	386.47093856614083	645.5662269666791	15.431957616470754
sub-7447784	R	0.08799975831061602	240.56733928713948	334.6550808772445	709.5660511925817	168.1035383073613	497.8146327631548	372.7829761598259	653.8222042918205	27.495924483053386
