subject	hemi	ParaSub	PreSub	Sub	CA1	CA3	CA4_DG	Tail	SRLM	Cyst
sub-9686611	L	4.696002956479788	235.67214837297797	364.88822972401977	573.2163608819246	93.28805873170495	392.7442472614348	370.9202335216105	566.1203564144671	19.45601224899292
sub-9686611	R	0.4480002820491791	248.79215663298965	378.30423817038536	557.8163511864841	144.44809094071388	399.82425171881914	367.0082310587168	592.5123730301857	17.312010899186134
