subject	hemi	ParaSub	PreSub	Sub	CA1	CA3	CA4_DG	Tail	SRLM	Cyst
sub-8206666	L	8.527982534840703	260.27946695219725	400.27918023522943	599.48677226156	98.28779870830476	465.8550459370017	317.4553498569876	561.7828494785354	48.87189991120249
sub-8206666	R	0.23999950848519802	222.39954452961683	325.24733389914036	603.5427639549598	205.53557906672359	444.62308941967785	285.17541596572846	546.9348798869178	34.10393015574664
