subject	hemi	ParaSub	PreSub	Sub	CA1	CA3	CA4_DG	Tail	SRLM	Cyst
sub-6363167	L	3.0239994395524263	308.76794277504086	400.20792582817376	540.1838998859748	138.46397433802485	544.9758989978582	278.1039484580979	597.8398892004043	13.975997409783304
sub-6363167	R	0.7599998591467738	303.9199436735362	495.22390821855515	694.6558712571859	187.4799652537331	508.59190574102104	420.831922005862	737.4398633278906	30.279994388110936
