subject	hemi	ParaSub	PreSub	Sub	CA1	CA3	CA4_DG	Tail	SRLM	Cyst
sub-6166973	L	4.951988705433905	272.6153782149777	373.95114708691835	604.3346216250211	126.84771068394184	431.30301627796143	333.4152395417914	591.8066501989961	25.879940972663462
sub-6166973	R	0.11199974454939365	230.9994731331244	355.06319016683847	558.0947270896286	186.16757538635284	482.12690035812557	352.15119680855423	563.9347137697041	35.767918420024216
