subject	hemi	ParaSub	PreSub	Sub	CA1	CA3	CA4_DG	Tail	SRLM	Cyst
sub-6117051	L	6.472023664042354	282.4890328813344	391.3294308409095	530.9219412412494	91.02433281764388	427.0175613295287	319.76116916164756	520.8099042680115	57.784211279824376
sub-6117051	R	0.1360004972666502	270.984990818426	425.737556649372	501.56983391940594	145.04053032025695	387.2894160691649	319.49716819636524	481.2817597389221	78.4562868643552
