subject	hemi	ParaSub	PreSub	Sub	CA1	CA3	CA4_DG	Tail	SRLM	Cyst
sub-6086470	L	2.86398246511817	295.4141913112253	400.8135459981859	610.3322632089257	106.85534577257931	542.9246759153903	419.9814286418259	603.5483047440648	29.191821271553636
sub-6086470	R	0.0	261.7743972726166	413.22147003002465	564.2765451874584	180.24689642898738	539.0046999156475	400.68554678186774	610.3562630619854	36.183778462931514
