subject	hemi	ParaSub	PreSub	Sub	CA1	CA3	CA4_DG	Tail	SRLM	Cyst
sub-6771081	L	3.8319943826645613	277.60759305395186	454.5433336831629	597.4151242468506	132.51180575042963	456.7513304464519	360.6554713137448	608.623107817024	12.591981541365385
sub-6771081	R	0.5599991790950298	272.9675998557359	488.71128359623253	585.207142142579	165.56775729358196	448.1033431235701	366.22346315160394	643.4710567332804	29.479956785216928
