subject	hemi	ParaSub	PreSub	Sub	CA1	CA3	CA4_DG	Tail	SRLM	Cyst
sub-8724991	L	7.99993984401226	259.8140463139862	376.9971651490778	548.7078739609569	102.31923060491681	463.0125183518976	382.5091237016022	505.7481969986111	53.62359677441418
sub-8724991	R	0.21599837578833103	250.99811260588467	356.74131746403873	504.93220313452184	175.40668101981282	430.87675999850035	370.92521080747247	531.7320016119629	31.24776503071189
