subject	hemi	ParaSub	PreSub	Sub	CA1	CA3	CA4_DG	Tail	SRLM	Cyst
sub-7607477	L	2.5360157676041126	247.7055401019752	318.24997870996594	466.2588989511132	87.41654350981116	375.578335147351	322.1780031323433	475.9949594847858	30.9841926433146
sub-7607477	R	0.35200218856334686	225.49740202352405	295.79383908957243	494.16307244449854	184.97715009003878	399.60248451679945	332.4340668991208	501.85112024471164	39.512245666235685
