subject	hemi	ParaSub	PreSub	Sub	CA1	CA3	CA4_DG	Tail	SRLM	Cyst
sub-9646699	L	9.992019086144865	237.59245383460075	326.5686237914488	537.0170257771388	100.41619180887938	418.67279972322285	308.400589087978	538.5770287569612	32.03206118568778
sub-9646699	R	0.6160011766478419	260.6404978595674	327.3366252584383	549.0250487141311	144.07227519806474	397.2567588156089	339.6886488525197	539.7930310796946	40.50407736841589
