subject	hemi	ParaSub	PreSub	Sub	CA1	CA3	CA4_DG	Tail	SRLM	Cyst
sub-9369902	L	3.4479784881696105	254.99840907286853	400.3975019324571	563.3564852364361	123.38323021586984	431.35730877518654	354.19779017101973	556.6445271121338	8.24794854130596
sub-9369902	R	0.15999900177121162	228.68657323159277	360.93374814558774	556.7965261638165	204.7347226664424	400.053504078649	329.5899436986074	534.3406662652269	16.751895485445857
