subject	hemi	ParaSub	PreSub	Sub	CA1	CA3	CA4_DG	Tail	SRLM	Cyst
sub-7175272	L	4.888019010424614	305.1211866736412	417.8256250023842	790.6510749906301	102.36839812994003	527.8740530014038	354.3693782091141	637.1304779201746	13.256051555275917
sub-7175272	R	0.15200059115886688	295.8491506129503	408.92959040403366	747.1869059503078	156.19260746240616	524.1780386269093	379.81747718155384	723.6348143517971	4.696018263697624
