subject	hemi	ParaSub	PreSub	Sub	CA1	CA3	CA4_DG	Tail	SRLM	Cyst
sub-9845403	L	1.800002809613943	224.08834977820516	321.2005013599992	607.1609477140009	78.39212236180902	506.6087907627225	249.84838998690248	545.3368512131274	3.176004957407713
sub-9845403	R	0.0	215.65633661672473	323.34450470656157	611.4089543446898	180.35228151082993	434.76867862790823	276.21643114462495	539.1368415355682	16.18402526155114
