subject	hemi	ParaSub	PreSub	Sub	CA1	CA3	CA4_DG	Tail	SRLM	Cyst
sub-7670989	L	4.311986651271582	281.49512856826186	388.8627961874008	613.5821005180478	96.46370137482882	585.0541888326406	359.5188870280981	641.3580145314336	24.15192523226142
sub-7670989	R	0.24799923226237297	227.22329657897353	346.12692848592997	621.4300762228668	193.70340034738183	594.1981605254114	317.07901841029525	647.5179954618216	22.895929120481014
