subject	hemi	ParaSub	PreSub	Sub	CA1	CA3	CA4_DG	Tail	SRLM	Cyst
sub-9515684	L	3.4159953901544213	263.95964378956705	362.07151138875633	608.5831787241623	112.75984783191234	524.527292156592	339.2715421570465	577.879220158793	19.935973096638918
sub-9515684	R	0.14399980567395687	249.26366362161934	376.8314914703369	597.7271933741868	165.58377654664218	479.04735353123397	368.07150329183787	620.7191623467952	21.135971477255225
