subject	hemi	CA1	CA2	CA4_DG	CA3	Tail	Sub	SRLM	Cyst
sub-7530670	L	665.8023569034413	67.08823748864233	371.6093154763803	164.0005805529654	452.4976018164307	684.2584222368896	657.7223283005878	11.12003936432302
sub-7530670	R	613.4261714946479	96.44034139346331	400.14541649259627	202.9527184413746	425.64150674734265	850.8990121353418	680.2104079071432	26.78409481421113
