subject	hemi	CA1	CA2	CA4_DG	CA3	Tail	Sub	SRLM	Cyst
sub-8854398	L	585.6746868845075	57.80026516877115	301.96938533708453	124.5445713698864	439.7060172278434	725.8993301894516	588.9467018954456	2.9520135428756475
sub-8854398	R	518.7783799860626	67.56830998137593	331.4095203988254	161.1847394630313	372.2897079437971	881.5080440714955	614.2428179457784	10.736049253493547
