subject	hemi	CA1	CA2	CA4_DG	CA3	Tail	Sub	SRLM	Cyst
sub-9688312	L	577.2163634002209	56.92003583535552	339.9682140350342	145.02409130334854	452.94428516179323	738.6964650638402	586.5843692980707	50.04803150892258
sub-9688312	R	546.7283442057669	62.024039048701525	341.2162148207426	174.24810970202088	352.104221675545	784.440493863076	617.9443890415132	50.84003200754523
