subject	hemi	CA1	CA2	CA4_DG	CA3	Tail	Sub	SRLM	Cyst
sub-7698204	L	490.1075036711991	47.584340170025826	303.22616769745946	68.65649081021547	393.55481343716383	691.2129413299263	497.5635569728911	15.024107404053211
sub-7698204	R	606.0363324210048	68.93649281188846	288.674063667655	105.13675159960985	355.3465402945876	620.7644377090037	507.5636284612119	28.504203770309687
