subject	hemi	CA1	CA2	CA4_DG	CA3	Tail	Sub	SRLM	Cyst
sub-7131454	L	608.9737603124231	65.09576059039682	300.76689383760095	139.15148822776973	427.1744289351627	622.349711118266	570.2379027754068	15.479943067766726
sub-7131454	R	599.221796178259	67.13575308769941	298.0069039883092	155.9354264996946	327.2387964790687	649.0856127887964	561.7019341690466	24.551909702830017
