subject	hemi	CA1	CA2	CA4_DG	CA3	Tail	Sub	SRLM	Cyst
sub-7567693	L	484.91044239886105	76.24775508139282	240.99922587629408	136.5435614027083	309.99900423921645	570.1021687509492	475.006474211812	15.29595086723566
sub-7567693	R	561.4221966322511	92.90370158012956	278.7671045605093	188.4953945260495	280.9830974424258	632.5259682368487	533.1582874199376	37.03988102264702
