subject	hemi	CA1	CA2	CA4_DG	CA3	Tail	Sub	SRLM	Cyst
sub-9646699	L	581.4651106791571	51.80009894538671	283.19254093710333	131.3762509468943	358.9606856647879	537.5610268162563	537.8650273969397	31.92006097175181
sub-9646699	R	575.3850990654901	65.33612480107695	294.1845619333908	146.7682803478092	330.27263086661696	609.9691651258618	539.7370309727266	40.720077781006694
