subject	hemi	CA1	CA2	CA4_DG	CA3	Tail	Sub	SRLM	Cyst
sub-6631671	L	513.489698169753	46.392153424210846	341.86513058748096	77.87225753255188	385.67327546607703	549.7058179406449	474.3935688743368	31.176103102974594
sub-6631671	R	648.0581432031468	63.288209301419556	259.24885736592114	173.01657218579203	324.2490723291412	554.9058351377025	545.2738032834604	21.064069661311805
