subject	hemi	CA1	CA2	CA4_DG	CA3	Tail	Sub	SRLM	Cyst
sub-8517582	L	600.9450779296458	64.31211535818875	374.2806713562459	184.40833077766	405.95272816717625	798.945433087647	641.513150697574	11.880021309480071
sub-8517582	R	672.3772060591727	75.656135706231	398.72071519494057	245.43244023807347	355.8566383086145	799.6574343647808	649.2251645307988	70.71212683804333
