subject	hemi	CA1	CA2	CA4_DG	CA3	Tail	Sub	SRLM	Cyst
sub-7447784	L	745.6619520559907	69.79180831834674	308.07915386743844	176.61551492940634	448.3827685266733	569.3184363795444	645.7502264613286	15.423957638442516
sub-7447784	R	735.2299807071686	76.3837902136147	366.95099217724055	163.1515519078821	363.5190016031265	619.4462987044826	654.5822022045031	27.607924175448716
