subject	hemi	CA1	CA2	CA4_DG	CA3	Tail	Sub	SRLM	Cyst
sub-8913388	L	788.0145696345717	58.791893283836544	369.73532887455076	144.81573713757098	603.5669044349343	800.3265472864732	720.3026925418526	28.279948667623103
sub-8913388	R	783.638577577658	73.28786697145551	383.999302983284	178.95167517568916	500.96709066908807	835.9984825365245	726.7506808377802	28.959947433322668
