subject	hemi	CA1	CA2	CA4_DG	CA3	Tail	Sub	SRLM	Cyst
sub-7670989	L	620.7820782288909	65.37579761445522	392.24678571149707	162.5434968098998	432.51066106557846	661.7899512797594	640.0300186425447	24.17592515796423
sub-7670989	R	686.125875942409	69.87978367134929	426.81467869877815	203.1513710990548	317.6550166271627	598.4301474243402	647.7579947188497	22.65592986345291
