subject	hemi	CA1	CA2	CA4_DG	CA3	Tail	Sub	SRLM	Cyst
sub-7243263	L	602.2967297723517	62.96807629521936	296.1923588812351	133.75216206070036	457.07255381159484	676.2648193957284	570.2806909801438	13.872016808018088
sub-7243263	R	579.1207016911358	67.99208238255233	315.21638193167746	163.21619776077569	350.0564241455868	696.3608437450603	558.7686770316213	22.20802690833807
