subject	hemi	CA1	CA2	CA4_DG	CA3	Tail	Sub	SRLM	Cyst
sub-6954998	L	578.010449857451	62.53626505564898	374.52158738393337	138.5365871777758	381.79361820593476	680.2508831964806	577.8184490436688	30.62412979826331
sub-6954998	R	616.4186126478016	65.20027634687722	314.80133426375687	198.6648420272395	328.2733913641423	752.531189551577	594.6665204530582	26.96011426858604
