subject	hemi	CA1	CA2	CA4_DG	CA3	Tail	Sub	SRLM	Cyst
sub-7607477	L	483.89100857824087	60.25637464225292	243.8255159780383	125.99278335645795	371.55431012809277	540.1793585494161	474.9149527698755	31.216194085776806
sub-7607477	R	548.1314079910517	74.7044644728303	274.2097048908472	167.44904110953212	327.5860367566347	543.0033761076629	502.099121786654	39.79224740713835
