subject	hemi	CA1	CA2	CA4_DG	CA3	Tail	Sub	SRLM	Cyst
sub-7627786	L	568.7456160662696	60.96017321571708	327.0409292727709	130.50437082257122	438.87324703950435	632.2017963742837	567.58561277017	10.27202918753028
sub-7627786	R	535.4175213659182	72.56820619944483	333.5929478900507	153.8644371991977	373.3930609803647	693.7379712266847	582.745655846782	13.224037575535476
