subject	hemi	CA1	CA2	CA4_DG	CA3	Tail	Sub	SRLM	Cyst
sub-9157179	L	604.2637473186478	61.50397428125143	292.6478776251897	127.36794673930854	441.27981547266245	634.4477346967906	570.0877616098151	21.935990827158093
sub-9157179	R	561.0477653900161	63.44797346834093	307.59187137614936	148.8079377738759	316.0158678535372	668.5597204323858	557.831766734831	10.447995631024241
