subject	hemi	CA1	CA2	CA4_DG	CA3	Tail	Sub	SRLM	Cyst
sub-9745500	L	803.7256054524332	76.35177252441645	363.60691670235246	167.2075018370524	481.81456452514976	737.40580303967	664.5740200281143	27.43991824798286
sub-9745500	R	727.2138334047049	78.83976511191577	379.7508686045185	167.89549978729337	393.134828729555	816.7735665785149	677.7419807966799	4.631986199878156
