subject	hemi	CA1	CA2	CA4_DG	CA3	Tail	Sub	SRLM	Cyst
sub-8206666	L	617.1747360369191	66.99986278545111	332.70331862941384	127.9037380553782	366.93524852301925	645.8706772681326	560.9988510841504	48.86389992758632
sub-8206666	R	670.6466265274212	85.29582531563938	326.4633314087987	171.3836490092799	275.59943557716906	557.9588573100045	548.0868775276467	34.119930122978985
