subject	hemi	CA1	CA2	CA4_DG	CA3	Tail	Sub	SRLM	Cyst
sub-6363167	L	521.4719033539295	63.40798824839294	376.94393013976514	183.4159660069272	345.15993603039533	727.8878650981933	596.7598894005641	13.959997412748635
sub-6363167	R	731.7998643731698	62.935988335870206	384.8079286823049	190.52796468883753	413.27992340549827	830.5918460637331	738.1518631959334	30.167994408868253
