subject	hemi	CA1	CA2	CA4_DG	CA3	Tail	Sub	SRLM	Cyst
sub-8001042	L	422.57651201449335	66.71208083163947	292.0883539086208	137.96016715932637	396.14447998814285	671.0168130369857	521.3126316480339	16.496019987389445
sub-8001042	R	514.9366239225492	83.32010095473379	302.07236600574106	186.8162263557315	313.912380351685	612.9927427321672	516.2086254637688	37.344045247882605
