subject	hemi	CA1	CA2	CA4_DG	CA3	Tail	Sub	SRLM	Cyst
sub-7625176	L	557.7654291829094	48.215777766890824	273.7747381348163	130.63139790203422	379.4862508960068	588.2452886970714	540.0455108564347	28.38386917486787
sub-7625176	R	696.9487876677886	65.14369974378496	299.8226180765778	189.8871247842908	328.0944877676666	602.7332219202071	577.5733378855512	58.23173160199076
