subject	hemi	CA1	CA2	CA4_DG	CA3	Tail	Sub	SRLM	Cyst
sub-7888815	L	592.4466487392783	55.503873405978084	294.7273277817294	135.92768997419626	358.19118303246796	610.9266065899283	543.7827597325668	34.30392175912857
sub-7888815	R	578.5266804881394	72.51183461397886	305.00730433501303	170.72761060204357	299.0313179651275	651.7585134599358	528.3107950212434	28.623934714123607
