subject	hemi	CA1	CA2	CA4_DG	CA3	Tail	Sub	SRLM	Cyst
sub-6604264	L	688.6039443165064	52.231692370027304	308.33418399840593	131.48722557723522	413.56556421518326	679.8519958630204	619.6763502806425	11.159934271126986
sub-6604264	R	698.8278841003776	70.0075876750052	318.82212222740054	185.8869051784277	385.8857272416353	669.7720552310348	639.0282363034785	18.69588988646865
