subject	hemi	CA1	CA2	CA4_DG	CA3	Tail	Sub	SRLM	Cyst
sub-9548396	L	658.6988685317338	67.18429257720709	366.04959408938885	124.79254345223308	521.002268884331	746.0352488681674	683.7389775775373	26.184114027768373
sub-9548396	R	613.7226726673543	72.5683160237968	370.5376136340201	134.73658675700426	403.7457582503557	765.3633330389857	620.9627041965723	22.720098942518234
