subject	hemi	CA1	CA2	CA4_DG	CA3	Tail	Sub	SRLM	Cyst
sub-6937998	L	735.16371502541	69.81635280512273	435.2901996653527	184.5369325261563	519.6266258452088	820.1881446819752	736.555722059682	74.64837722294033
sub-6937998	R	727.4916762560606	71.672362184152	460.7623283844441	216.08909196965396	442.99423859640956	873.1324122268707	717.2916247118264	93.66447331756353
