subject	hemi	CA1	CA2	CA4_DG	CA3	Tail	Sub	SRLM	Cyst
sub-7620469	L	367.6568306777626	34.976079024374485	324.82473390363157	65.76814859546721	199.50445075705647	579.6493096500635	401.5689072981477	25.39205737039447
sub-7620469	R	576.6893029622734	79.94418062455952	244.88055327907205	192.2004342544824	202.28845704719424	474.15307129360735	452.37702209316194	26.36805957555771
