subject	hemi	CA1	CA2	CA4_DG	CA3	Tail	Sub	SRLM	Cyst
sub-9436688	L	588.7315918849781	72.74444381799549	326.7299933983013	134.096818132326	431.8426346965134	619.8837819462642	567.6114630298689	32.856200457550585
sub-9436688	R	600.611664365977	76.08846422005445	339.786073054187	183.92112211324275	354.31416169088334	661.88403819222	609.667719617486	38.55223520938307
