subject	hemi	CA1	CA2	CA4_DG	CA3	Tail	Sub	SRLM	Cyst
sub-6880490	L	552.2895050123334	80.93622055463493	297.9768119994551	120.96832964383066	455.77724201232195	545.4894864819944	534.6414569206536	32.97608986124396
sub-6880490	R	520.0094170477241	89.00824255123734	227.6326203085482	150.36040973849595	340.67292834818363	642.6817513350397	531.721448963508	31.70408639498055
