subject	hemi	CA1	CA2	CA4_DG	CA3	Tail	Sub	SRLM	Cyst
sub-9086990	L	547.0020637148991	74.8562824157998	268.9930148497224	145.20854783896357	355.1853400338441	555.3220951044932	484.401827538386	40.10415130387992
sub-9086990	R	541.4260426778346	83.20831392612308	313.5371829047799	153.16857787035406	285.0490754256025	605.1782832005993	500.59388862736523	57.08021535072476
