subject	hemi	CA1	CA2	CA4_DG	CA3	Tail	Sub	SRLM	Cyst
sub-6291976	L	650.6732428763062	55.18410540930927	381.56072883401066	172.552329598926	457.9688747841865	723.5773821333423	638.2572191599756	80.20015319343656
sub-6291976	R	723.7373824389651	72.69613885972649	370.81670831143856	247.18447215668857	361.87269122712314	720.4493761584163	645.7052333867177	84.2081608492881
