subject	hemi	CA1	CA2	CA4_DG	CA3	Tail	Sub	SRLM	Cyst
sub-9559806	L	751.4475108115003	71.12795369606465	352.5837704697624	192.79187449347228	452.0957056879997	753.1115097282454	684.0395546937361	23.823984490707517
sub-9559806	R	774.8474955782294	68.655955305323	365.67176194954664	223.1358547396958	355.8877683188766	816.5914684031159	722.783529471606	28.79198125656694
