subject	hemi	CA1	CA2	CA4_DG	CA3	Tail	Sub	SRLM	Cyst
sub-9845403	L	594.6889282464981	49.99207803234458	362.39256565645337	132.62420701235533	294.91246032714844	558.952872466296	544.3208496272564	3.176004957407713
sub-9845403	R	598.2649338282645	60.27209407836199	295.05646055191755	202.1763155758381	269.29642034322023	617.1689633354545	539.0648414231837	16.328025486320257
