subject	hemi	CA1	CA2	CA4_DG	CA3	Tail	Sub	SRLM	Cyst
sub-6771081	L	649.3910480551422	43.52793619222939	342.32749818079174	137.50379843264818	418.84738600999117	696.5349789466709	608.0551086496562	12.655981447547674
sub-6771081	R	586.7271399144083	53.031922260299325	360.83947104401886	143.5597895551473	356.5914772711694	829.3747842162848	644.1830556895584	29.51995672658086
