subject	hemi	CA1	CA2	CA4_DG	CA3	Tail	Sub	SRLM	Cyst
sub-6732374	L	608.4649497494102	53.24808311462402	342.33653435111046	138.70421650260687	419.36865459010005	824.633287165314	629.3769823908806	18.400028720498085
sub-6732374	R	753.8331766538322	71.0561109110713	304.1444747373462	218.1283404752612	336.65652548521757	716.2091179266572	654.9130222499371	30.320047326385975
