subject	hemi	CA1	CA2	CA4_DG	CA3	Tail	Sub	SRLM	Cyst
sub-6117051	L	550.0180110633373	58.088212391361594	292.65707005932927	120.05643896944821	384.7054066210985	649.1063733659685	520.4179028347135	57.816211396828294
sub-6117051	R	546.4739981051534	57.06420864723623	274.63300415687263	150.08054874837399	313.46514614112675	710.3545973114669	481.8257617279887	78.59228736162186
