subject	hemi	CA1	CA2	CA4_DG	CA3	Tail	Sub	SRLM	Cyst
sub-6405157	L	522.6949903797358	76.86385153234005	271.79947500117123	133.48774215951562	356.7193109728396	618.4788053669035	499.01503611914814	33.01593622751534
sub-6405157	R	561.9989144615829	86.43983303569257	269.05548030138016	167.391676671803	316.3433889616281	624.8147931285203	520.5749944746494	18.327964598312974
