subject	hemi	CA1	CA2	CA4_DG	CA3	Tail	Sub	SRLM	Cyst
sub-9096690	L	699.9115443611518	66.96795640420169	355.29576870426536	142.0399075327441	457.42370221950114	651.9835755620152	611.911601648666	52.279965966008604
sub-9096690	R	594.2396131530404	73.22395233158022	360.4077653763816	178.0158841125667	395.2317427061498	805.1594758452848	643.263581238687	43.903971418738365
