subject	hemi	CA1	CA2	CA4_DG	CA3	Tail	Sub	SRLM	Cyst
sub-7134056	L	584.6989546772093	53.576270738616586	352.857783107087	126.7126403208822	480.00242561101913	823.6441621463746	592.3629934061319	36.61618503369391
sub-7134056	R	685.8034655917436	68.8723480347544	398.5620140656829	154.93678294681013	441.11422909609973	842.7962589282542	673.8514051940292	20.664104422554374
