subject	hemi	CA1	CA2	CA4_DG	CA3	Tail	Sub	SRLM	Cyst
sub-9481794	L	527.9454386737198	59.51216217316687	275.87275176495314	111.63230420276523	347.44894681312144	570.2415539324284	485.5533231534064	29.37608005106449
sub-9481794	R	451.12922934629023	86.87223673053086	251.44068518653512	143.29639048874378	265.3927232064307	464.2492650989443	411.32912088930607	50.424137407913804
