subject	hemi	CA1	CA2	CA4_DG	CA3	Tail	Sub	SRLM	Cyst
sub-7108358	L	553.9714443013072	49.85630998015404	268.6336702220142	116.67272540926933	382.45037787407637	514.619199629873	495.2750793583691	28.50417722389102
sub-7108358	R	566.5235223434865	71.43244412913918	286.63378213718534	146.2329091988504	287.86578979715705	532.4113102518022	485.97102151066065	58.28836240619421
