subject	hemi	ParaSub	PreSub	Sub	CA1	CA3	CA4_DG	Tail
sub-6166973	L	45.961571756750345	343.43404907360673	533.5023699887097	753.1253518722951	215.9934621155262	582.5379227735102	572.2789740413427
sub-6166973	R	40.109897028654814	282.88032641261816	517.2436028644443	812.0494942292571	241.17788499593735	611.5740809179842	575.1307395733893
