subject	hemi	ParaSub	PreSub	Sub	CA1	CA3	CA4_DG	Tail
sub-9745500	L	74.84961635246873	437.2832361571491	623.5739685930312	898.6027914695442	251.21471930667758	681.3870567306876	659.350677844137
sub-9745500	R	55.96129159256816	379.43311208859086	610.2039975374937	930.7129435613751	232.06714303046465	676.7946012988687	693.497806135565
