subject	hemi	ParaSub	PreSub	Sub	CA1	CA3	CA4_DG	Tail
sub-9688312	L	57.36865119636059	407.1729833781719	627.1293548792601	780.6803089529276	183.62412694096565	610.0187565237284	583.6491763740778
sub-9688312	R	46.961555659770966	361.5447210967541	556.2055543363094	831.8269243836403	196.84595294296741	650.6101327091455	599.8709124773741
