subject	hemi	ParaSub	PreSub	Sub	CA1	CA3	CA4_DG	Tail
sub-6732374	L	59.66487868130207	427.3575636893511	608.352139800787	892.6028808802366	211.2529286146164	644.7954921424389	559.2425003647804
sub-6732374	R	54.590956658124924	355.84118831157684	553.4278597980738	864.8629714250565	242.99271820485592	668.6095933169127	615.8704330176115
