subject	hemi	ParaSub	PreSub	Sub	CA1	CA3	CA4_DG	Tail
sub-6880490	L	60.92410020530224	342.50825452804565	492.3556158840656	712.2749514579773	224.8451138883829	536.0209740251303	684.5720779299736
sub-6880490	R	67.14613597095013	324.2865783572197	500.1331605911255	663.6838150024414	195.73487512767315	493.8740888983011	637.4623785614967
