subject	hemi	ParaSub	PreSub	Sub	CA1	CA3	CA4_DG	Tail
sub-9992517	L	76.40508702397346	468.65243393182755	574.7232866883278	893.6395272910595	303.5833729207516	712.6820599138737	239.3260651230812
sub-9992517	R	50.29476886987686	342.4340448975563	551.649913340807	746.9773146808147	206.62335458397865	610.685157507658	574.0196043550968
