subject	hemi	ParaSub	PreSub	Sub	CA1	CA3	CA4_DG	Tail
sub-9389605	L	69.07200418412685	324.5828657746315	425.8390906751156	691.2755807489157	243.99268823862076	616.611151561141	578.5752543509007
sub-9389605	R	81.62718349695206	329.2493925988674	474.393191203475	770.6806086152792	247.32592168450356	620.7221394777298	606.3151638060808
