subject	hemi	ParaSub	PreSub	Sub	CA1	CA3	CA4_DG	Tail
sub-7134056	L	68.03499822318554	430.5056174993515	549.242800027132	775.8656384199858	213.03065311908722	728.9040827602148	682.9054612070322
sub-7134056	R	68.77571676671505	447.83843141794205	582.6121704131365	877.677402228117	223.5118205100298	750.7552797943354	706.8677060902119
