subject	hemi	ParaSub	PreSub	Sub	CA1	CA3	CA4_DG	Tail
sub-6752784	L	128.7369605600834	613.7967915311456	634.4628513678908	1122.8929537460208	272.17719308286905	762.0516974925995	467.6158987432718
sub-6752784	R	48.220806285738945	356.9895175024867	482.43027855455875	682.7577295526862	231.17839695513248	543.9469907209277	518.429221495986
