subject	hemi	ParaSub	PreSub	Sub	CA1	CA3	CA4_DG	Tail
sub-6451366	L	57.47973585128784	425.6907756924629	556.4645819365978	859.2331647872925	218.32670286297798	652.4246306419373	733.5332785248756
sub-6451366	R	53.81318053603172	384.7660926282406	517.7990895211697	831.5303024053574	197.06808921694756	680.2386007606983	645.68409460783
