subject	hemi	ParaSub	PreSub	Sub	CA1	CA3	CA4_DG	Tail
sub-8623581	L	56.25757338106632	353.3227452635765	584.6861823350191	856.5669237375259	243.7704726755619	606.6114512234926	574.4272305071354
sub-8623581	R	36.702603831887245	342.6193623095751	581.5381285250187	981.7483575940132	300.8058005273342	730.089232429862	627.4256422966719
