subject	hemi	ParaSub	PreSub	Sub	CA1	CA3	CA4_DG	Tail
sub-9548396	L	52.183621391654015	399.1732231080532	567.5755839794874	894.6768928021193	282.25080101192	737.9038130640984	728.0152205079794
sub-9548396	R	57.92419010400772	405.8767259269953	581.5010925978422	863.1222828477621	237.06696985661983	699.0531254559755	847.3079419434071
