subject	hemi	ParaSub	PreSub	Sub	CA1	CA3	CA4_DG	Tail
sub-6291976	L	67.55353116989136	407.6174145042896	578.2419310063124	887.0104558765888	285.17663925886154	665.3874676525593	617.388906031847
sub-6291976	R	57.146435633301735	336.8787935972214	534.909896209836	883.9364739209414	339.1009492278099	741.3851902186871	735.9038729965687
