subject	hemi	ParaSub	PreSub	Sub	CA1	CA3	CA4_DG	Tail
sub-6363167	L	59.96115403622389	457.0232494175434	570.7975948154926	757.3845583945513	185.69810150563717	632.1661138013005	547.0205343514681
sub-6363167	R	43.406097918748856	331.21223010867834	591.8710331395268	937.0087690651417	251.39982309937477	700.4233138561249	864.9368692785501
