subject	hemi	ParaSub	PreSub	Sub	CA1	CA3	CA4_DG	Tail
sub-8001042	L	53.590986624360085	403.02495953440666	534.5395369380713	650.647168636322	159.77298983931541	496.0221726745367	519.2807349413633
sub-8001042	R	41.29505880177021	357.17448168992996	496.13328045606613	708.978753939271	197.51259963214397	544.2059139311314	523.2435791492462
