subject	hemi	ParaSub	PreSub	Sub	CA1	CA3	CA4_DG	Tail
sub-6653277	L	57.85013570636511	359.6559973396361	506.2442413382232	654.4991025626659	185.29079957678914	566.4276411607862	589.2047432474792
sub-6653277	R	72.84969073906541	331.8790435753763	468.2453685887158	706.9049553312361	208.21604541689157	535.2804170064628	612.2410969026387
