subject	hemi	ParaSub	PreSub	Sub	CA1	CA3	CA4_DG	Tail
sub-7607477	L	47.36894132941961	289.0653534606099	427.43154955655336	583.1675920039415	191.401633143425	467.05998366326094	463.31935577094555
sub-7607477	R	35.48041109740734	237.215065844357	405.9507161155343	695.1642132550478	228.77087614685297	508.3179982379079	509.5031476691365
