subject	hemi	ParaSub	PreSub	Sub	CA1	CA3	CA4_DG	Tail
sub-6771081	L	39.44328228011727	379.6925163716078	499.46676509827375	799.754213668406	229.3265764117241	630.0555099993944	516.9106955714524
sub-6771081	R	32.36941663175821	356.10061889514327	502.9481440037489	838.0864175744355	242.3632293343544	666.3507368862629	577.2422512844205
