subject	hemi	ParaSub	PreSub	Sub	CA1	CA3	CA4_DG	Tail
sub-9686611	L	60.368561297655106	334.1381349861622	481.43001736700535	633.351390644908	226.6598743200302	535.0210039913654	648.6842644959688
sub-9686611	R	49.73925019800663	332.06412306427956	494.9851667135954	701.7197122126818	218.73418590426445	576.1679190844297	548.613189265132
