subject	hemi	ParaSub	PreSub	Sub	CA1	CA3	CA4_DG	Tail
sub-6954998	L	53.25764185190201	362.98897621035576	550.5388359725475	741.0145328044891	199.06802847981453	626.0180251896381	506.5401721894741
sub-6954998	R	52.59099543094635	319.28659972548485	529.6135455369949	805.6051638126373	242.77040496468544	621.8329671025276	575.0195739865303
