subject	hemi	ParaSub	PreSub	Sub	CA1	CA3	CA4_DG	Tail
sub-6405157	L	48.998546440154314	334.1382358148694	436.5055694207549	633.870084900409	208.17900947853923	552.5762002170086	509.7996914200485
sub-6405157	R	63.368490520864725	341.471351608634	457.61605428159237	707.534566283226	203.17915780097246	549.5022173337638	500.35552714020014
