subject	hemi	ParaSub	PreSub	Sub	CA1	CA3	CA4_DG	Tail
sub-9572797	L	85.55299177765846	332.4344823360443	540.0208541601896	782.9395005106926	219.2526888847351	533.7247465401888	554.7611531764269
sub-9572797	R	82.81233316659927	331.5085841566324	524.0213336199522	671.9798626899719	202.10505460202694	486.39283160865307	608.6113912910223
