subject	hemi	ParaSub	PreSub	Sub	CA1	CA3	CA4_DG	Tail
sub-6570677	L	67.81278266012669	333.6937038600445	563.3534882813692	896.1953658163548	265.76981341838837	704.9048019498587	498.61468757689
sub-6570677	R	71.07194425165653	350.8783740699291	566.2793265283108	934.0831193178892	325.24951246380806	755.4218066185713	533.3914231956005
