subject	hemi	ParaSub	PreSub	Sub	CA1	CA3	CA4_DG	Tail
sub-9460079	L	50.183681324124336	292.3616091310978	460.763970002532	705.1270175129175	252.06652036309242	540.3541775047779	552.6130694001913
sub-9460079	R	50.81329208612442	301.65762685239315	478.83750246465206	726.6078552752733	243.84454452991486	549.0205844640732	644.0177376717329
