subject	hemi	ParaSub	PreSub	Sub	CA1	CA3	CA4_DG	Tail
sub-7982706	L	41.924669563770294	347.4710687696934	428.7278929948807	678.1648625284433	193.2534680068493	469.50444881618023	392.8400795608759
sub-7982706	R	61.18335169553757	376.0628045499325	430.0241504460573	515.4660344421864	164.958019644022	427.39459961652756	419.3207674920559
