subject	hemi	ParaSub	PreSub	Sub	CA1	CA3	CA4_DG	Tail
sub-6117051	L	71.81264112517238	406.80250135064125	503.873637188226	695.904861651361	232.6966602317989	574.6492726653814	549.4648497849703
sub-6117051	R	57.85010079294443	332.43438202142715	499.9848660081625	763.8287315964699	229.77082286775112	564.8717908412218	529.7617424726486
