subject	hemi	ParaSub	PreSub	Sub	CA1	CA3	CA4_DG	Tail
sub-7137567	L	89.07147653400898	490.50421422719955	627.4261471778154	959.0831419229507	271.7698523104191	796.3841829150915	723.6825993657112
sub-7137567	R	73.18305099010468	423.28395231068134	599.9084311425686	877.5670006126165	243.84474074840546	720.1271474957466	715.7569045722485
