subject	hemi	ParaSub	PreSub	Sub	CA1	CA3	CA4_DG	Tail
sub-6317665	L	74.21996073424816	383.2475816756487	528.9838818199933	732.6813788451254	201.03091160953045	516.4657447300851	554.9830896221101
sub-6317665	R	40.48024804517627	288.10233261063695	476.09660441055894	794.9387411177158	250.84420860931277	588.5746586769819	542.9093834348023
