subject	hemi	ParaSub	PreSub	Sub	CA1	CA3	CA4_DG	Tail
sub-8724991	L	72.6274239718914	361.5075397193432	485.5408099293709	714.5708914399147	198.36434614658356	547.1315320432186	627.6846412420273
sub-8724991	R	41.70243722200394	316.6200140416622	477.0225501060486	721.681786596775	219.54888796806335	610.9444088935852	639.8694563806057
