subject	hemi	ParaSub	PreSub	Sub	CA1	CA3	CA4_DG	Tail
sub-7530670	L	62.96107620000839	367.8408287167549	625.0923788845539	819.345816925168	238.06693989038467	648.1287255883217	592.4266911149025
sub-7530670	R	60.99817205965519	380.02564875781536	660.7209408283234	987.7481777966022	295.43559108674526	728.2004001438618	624.0553729236126
