subject	hemi	ParaSub	PreSub	Sub	CA1	CA3	CA4_DG	Tail
sub-6276475	L	47.0356085896492	365.58149006962776	511.9844512939453	728.4223226308823	221.06736037135124	608.3518950343132	611.6110553145409
sub-6276475	R	49.18369150161743	369.2480453848839	521.9100757837296	711.0895156860352	195.21629360318184	618.7219504714012	575.7602922320366
