subject	hemi	ParaSub	PreSub	Sub	CA1	CA3	CA4_DG	Tail
sub-8151667	L	46.554160460829735	308.28705781698227	463.023161560297	681.3499522656202	203.03095278143883	557.1684884428978	518.243728980422
sub-8151667	R	53.14655549824238	282.88041177392006	451.2457367181778	687.8312395215034	205.91975510120392	552.279746055603	592.9822300225496
