subject	hemi	ParaSub	PreSub	Sub	CA1	CA3	CA4_DG	Tail
sub-8749907	L	83.55305171012878	422.09846203029156	673.4242638498545	883.2698272317648	207.03083291649818	665.2022880166769	685.6461198180914
sub-8749907	R	100.44143450260162	474.4302271306515	669.572527423501	959.1194060891867	235.88182018697262	707.3862090706825	792.3836619406939
