subject	hemi	ParaSub	PreSub	Sub	CA1	CA3	CA4_DG	Tail
sub-8517582	L	50.47996874153614	475.50426901876926	633.6476780623198	757.6069263219833	203.73463539779186	687.0905209779739	634.832827731967
sub-8517582	R	35.81374157965183	360.1743917912245	636.4624085277319	909.0468325465918	279.25089091062546	698.3494428396225	650.5730967819691
