subject	hemi	ParaSub	PreSub	Sub	CA1	CA3	CA4_DG	Tail
sub-9157179	L	63.072158604860306	323.2864782512188	512.3177745044231	743.8662980496883	282.58401066064835	645.9433459937572	604.1298010349274
sub-9157179	R	68.44236588478088	344.2488045990467	476.13368821144104	701.8675735294819	290.6948754489422	658.7948075532913	545.3167723417282
