subject	hemi	ParaSub	PreSub	Sub	CA1	CA3	CA4_DG	Tail
sub-9096690	L	77.99767047911882	417.5430849865079	577.0568393804133	806.5685031786561	262.10328299179673	634.6847478635609	653.1656773835421
sub-9096690	R	64.4795556999743	388.9143103994429	579.2419593036175	814.4571564607322	235.32630494982004	653.6841804161668	697.3865788802505
