subject	hemi	ParaSub	PreSub	Sub	CA1	CA3	CA4_DG	Tail
sub-7651278	L	78.44207797944546	385.5068884268403	534.2061061263084	715.6080409437418	185.21663454920053	604.5743536055088	555.6499036476016
sub-7651278	R	74.59034232795238	369.21108374744654	514.8733560293913	738.9036344513297	219.47486029565334	621.2775534018874	606.8335447087884
