subject	hemi	ParaSub	PreSub	Sub	CA1	CA3	CA4_DG	Tail
sub-7268178	L	50.33182503283024	349.95247589051723	469.4303769618273	696.7939338982105	193.17939615249634	583.1677093207836	538.3542374372482
sub-7268178	R	46.36898082494736	319.50894375145435	517.3548667281866	832.7898584902287	255.02939453721046	640.2030371725559	644.7214202880859
