subject	hemi	ParaSub	PreSub	Sub	CA1	CA3	CA4_DG	Tail
sub-7495593	L	67.40535356104374	441.0235990136862	587.6117250546813	723.6446171589196	209.1047396734357	631.6474203206599	688.7197553962469
sub-7495593	R	40.554319862276316	395.98793421685696	590.8708850070834	867.1957986988127	243.69627825915813	677.4608391970396	683.0162254795432
