subject	hemi	ParaSub	PreSub	Sub	CA1	CA3	CA4_DG	Tail
sub-7670989	L	58.59080732613802	349.87822807207704	509.39188619703054	775.5689609460533	247.47394093126059	694.5343930386007	566.0197903700173
sub-7670989	R	63.146224077790976	332.17506378516555	510.76221481338143	853.788799803704	273.8435078188777	747.384634539485	587.5746891461313
