subject	hemi	ParaSub	PreSub	Sub	CA1	CA3	CA4_DG	Tail
sub-7079074	L	82.25686044991016	420.3951476663351	576.3535625040531	689.276195332408	209.69758841395378	599.7602873146534	560.613280788064
sub-7079074	R	61.55376049876213	345.8047303110361	565.5760990232229	872.8263981193304	338.5827187001705	778.7921033501625	631.722318187356
