subject	hemi	ParaSub	PreSub	Sub	CA1	CA3	CA4_DG	Tail
sub-9845403	L	59.7759864628315	332.24930270016193	447.35696436464787	710.7935143709183	261.69586142897606	705.7936642020941	457.1714850664139
sub-9845403	R	67.40538746118546	300.2132256925106	456.28262281417847	754.5699802935123	267.47346606850624	643.6103424727917	495.6888493299484
