subject	hemi	ParaSub	PreSub	Sub	CA1	CA3	CA4_DG	Tail
sub-9329687	L	73.55335137248039	569.2051647752523	588.3897750526667	861.3445583432913	226.10433541238308	642.8696239292622	490.3186398893595
sub-9329687	R	84.77523730695248	557.1314525157213	554.4648657590151	660.3135456293821	199.2903241366148	563.649775698781	438.32019813358784
