subject	hemi	ParaSub	PreSub	Sub	CA1	CA3	CA4_DG	Tail
sub-9938814	L	63.109219908714294	364.13723599910736	557.9832788407803	784.1246501803398	232.03008376061916	601.9819603264332	596.5006431043148
sub-9938814	R	60.66484871506691	338.7676258832216	588.0564517080784	891.9732701182365	270.36226838827133	691.1274370402098	612.796451061964
