subject	hemi	ParaSub	PreSub	Sub	CA1	CA3	CA4_DG	Tail
sub-9882308	L	86.99739293754101	409.58031864464283	501.3183102607727	732.9409988224506	243.69640082120895	584.2787871360779	619.7592053711414
sub-9882308	R	66.03505815565586	367.692685008049	533.7988183945417	796.9761169105768	263.4365500062704	629.2774386554956	699.0531254559755
