subject	hemi	ParaSub	PreSub	Sub	CA1	CA3	CA4_DG	Tail
sub-8699817	L	52.77619091793895	391.24749533832073	583.3898662030697	710.015688482672	258.4737097658217	632.832824010402	650.5359954200685
sub-8699817	R	37.1099952980876	348.915434833616	599.0930977463722	833.9008524268866	273.5473306104541	613.3148923516273	697.1271871216595
