subject	hemi	ParaSub	PreSub	Sub	CA1	CA3	CA4_DG	Tail
sub-7888815	L	68.22023275494576	366.28561452031136	489.5412793457508	698.2759328782558	198.10533387959003	575.279519751668	506.9852150827646
sub-7888815	R	55.59097142517567	351.2119800299406	484.0599577128887	687.9058649241924	185.14274893701077	550.0580330491066	526.3179846256971
