subject	hemi	ParaSub	PreSub	Sub	CA1	CA3	CA4_DG	Tail
sub-7567693	L	42.9616841673851	287.1396011635661	399.247375279665	494.0223319903016	131.5146038606763	387.0255168527365	372.76668202131987
sub-7567693	R	44.443121552467346	272.17708357423544	442.32016725093126	682.9426345229149	185.06856533139944	432.54268050938845	478.0968801006675
