subject	hemi	ParaSub	PreSub	Sub	CA1	CA3	CA4_DG	Tail
sub-7956199	L	62.62774025648832	408.0987994596362	542.6873317435384	700.8677448928356	213.77132865786552	617.536925509572	677.831402823329
sub-7956199	R	60.25744139403105	400.062004879117	557.3535559549928	810.3829595223069	213.80836457759142	649.610031992197	615.1295907273889
