subject	hemi	ParaSub	PreSub	Sub	CA1	CA3	CA4_DG	Tail
sub-9481794	L	56.55386079847813	283.2878069728613	431.50558753311634	653.1285757571459	179.69831866025925	492.9852266460657	445.1718446612358
sub-9481794	R	47.59116642177105	239.47430512309074	387.72912161052227	614.8334270566702	199.95697082579136	476.3560953438282	502.5404958575964
