subject	hemi	ParaSub	PreSub	Sub	CA1	CA3	CA4_DG	Tail
sub-8796916	L	58.33158530294895	318.87933298945427	377.2849901467562	521.9102857708931	163.55065441131592	430.0611863732338	461.02322149276733
sub-8796916	R	67.66463895142078	303.91681841015816	436.80172511935234	572.5383982211351	171.62448653578758	444.94962909817696	447.9495391994715
