subject	hemi	ParaSub	PreSub	Sub	CA1	CA3	CA4_DG	Tail
sub-7131454	L	51.22066152468324	372.3219886533916	505.09572080522776	769.0876769497991	236.02984518930316	660.7576444409788	611.1665628924966
sub-7131454	R	48.072609297931194	358.4705588556826	510.2807480022311	815.160347186029	225.32646761834621	644.128521502018	560.7236554473639
