subject	hemi	ParaSub	PreSub	Sub	CA1	CA3	CA4_DG	Tail
sub-7777200	L	49.73926520720124	388.02552611753345	509.94783517345786	748.9777812995017	240.65952741354704	644.9808664061129	539.0210467800498
sub-7777200	R	42.258005660027266	318.5090698301792	488.4299549907446	769.3105114549398	228.62284744903445	579.0939320772886	502.6517553180456
