subject	hemi	ParaSub	PreSub	Sub	CA1	CA3	CA4_DG	Tail
sub-9436688	L	73.33113580942154	381.09969064593315	509.42917831242085	758.2735730111599	240.7705625742674	598.6487268805504	640.906719788909
sub-9436688	R	77.96062670648098	358.72999063134193	532.4655250161886	825.3456371277571	241.73349668085575	599.0561220794916	624.944235175848
