subject	hemi	ParaSub	PreSub	Sub	CA1	CA3	CA4_DG	Tail
sub-6937998	L	66.51652520895004	410.17289347946644	634.8698636591434	960.4897353947163	273.8806814700365	722.2746517956257	731.570669516921
sub-6937998	R	80.59017753601074	427.1723840534687	695.4976764470339	995.6368302851915	259.4737057983875	700.0901314169168	762.3845609277487
