subject	hemi	ParaSub	PreSub	Sub	CA1	CA3	CA4_DG	Tail
sub-6631671	L	55.14649556577206	362.9891222566366	450.54205410182476	710.0527958273888	223.40071272850037	530.1322616040707	602.278247743845
sub-6631671	R	40.48026840388775	292.843076184392	486.13358011841774	758.829111918807	237.40029320120811	594.648846745491	594.1673796921968
