subject	hemi	ParaSub	PreSub	Sub	CA1	CA3	CA4_DG	Tail
sub-8854398	L	57.44272305071354	409.4321749359369	497.76286125183105	784.0505783259869	237.99286803603172	710.0157599002123	575.9827394485474
sub-8854398	R	58.146405667066574	417.28379149734974	530.5026208758354	846.8264748901129	222.1414912045002	708.3121072500944	572.9087574928999
