subject	hemi	ParaSub	PreSub	Sub	CA1	CA3	CA4_DG	Tail
sub-9717999	L	64.62775142863393	305.0281723588705	565.7613357156515	717.4976667203009	187.5871409662068	516.429436057806	548.4655420668423
sub-9717999	R	60.40565190836787	326.1016339994967	550.2803041413426	781.6809866204858	244.62252045050263	592.1309397369623	620.8338092826307
