subject	hemi	ParaSub	PreSub	Sub	CA1	CA3	CA4_DG	Tail
sub-6604264	L	38.99883131682873	379.3590020686388	527.6878904104233	836.1971637904644	237.65954469144344	691.3126166760921	704.5344426780939
sub-6604264	R	52.77619622647762	350.4339429438114	506.09594486653805	873.2701268941164	293.546758800745	705.7195923477411	719.3858494758606
