subject	hemi	ParaSub	PreSub	Sub	CA1	CA3	CA4_DG	Tail
sub-8253978	L	45.220867082476616	322.3236742168665	464.61570642888546	697.0161494612694	170.47637279331684	440.9127130359411	423.8391506075859
sub-8253978	R	47.73931013047695	285.47292667627335	508.0218130797148	778.7174048125744	222.8822097480297	543.5392672419548	534.3543573021889
