subject	hemi	ParaSub	PreSub	Sub	CA1	CA3	CA4_DG	Tail
sub-7108358	L	69.59050716459751	327.7679555118084	446.31995840370655	594.7969904541969	200.14215046167374	506.09594486653805	487.8742686957121
sub-7108358	R	53.96134589612484	282.3248728662729	461.43061669170856	661.2764797359705	221.58595229685307	520.0955253392458	498.2813642323017
