subject	hemi	ParaSub	PreSub	Sub	CA1	CA3	CA4_DG	Tail
sub-7101546	L	52.035456746816635	362.47047343850136	554.5387144982815	796.2721139192581	247.0295348763466	637.0176911354065	539.2428827285767
sub-7101546	R	47.331895887851715	298.7687043249607	503.28101190924644	816.7159374952316	276.8064083456993	654.165318518877	634.9066441357136
