subject	hemi	ParaSub	PreSub	Sub	CA1	CA3	CA4_DG	Tail
sub-7243263	L	66.62763299047947	421.02442014217377	597.759864628315	713.497137054801	194.84601287543774	594.1303437650204	578.05675137043
sub-7243263	R	57.072363778948784	380.1367565393448	557.2055243700743	762.9030639082193	219.51194037497044	633.7958217710257	598.6857628077269
