subject	hemi	ParaSub	PreSub	Sub	CA1	CA3	CA4_DG	Tail
sub-7447784	L	52.998411789536476	362.50765520334244	518.5400163978338	846.4190796911716	270.6955917328596	630.2033368349075	620.9073191136122
sub-7447784	R	65.99802222847939	338.9898414462805	560.0202548354864	926.3055746108294	344.8415179401636	700.2382751256227	688.0164191573858
