subject	hemi	ParaSub	PreSub	Sub	CA1	CA3	CA4_DG	Tail
sub-8502872	L	51.81326211988926	327.80499143898487	470.3192392140627	728.4226157069206	199.54957562685013	543.2059438973665	525.1694473624229
sub-8502872	R	65.2202677577734	367.80379278957844	451.46795228123665	704.460370823741	211.14182083308697	529.9470819681883	443.394120156765
