subject	hemi	ParaSub	PreSub	Sub	CA1	CA3	CA4_DG	Tail
sub-8858912	L	55.739076007157564	429.39458287507296	564.1683354265988	693.5718779973686	185.4018700942397	621.8703157715499	610.8706442937255
sub-8858912	R	60.775962609797716	419.2467378079891	566.1682756952941	787.1616753861308	198.6236974261701	610.3521412611008	591.019385330379
