subject	hemi	ParaSub	PreSub	Sub	CA1	CA3	CA4_DG	Tail
sub-8451275	L	42.73945136368275	384.8402418717742	527.9099997729063	816.0864911600947	238.28910751640797	634.5734485834837	605.2410001605749
sub-8451275	R	58.14639396965504	340.137886762619	556.6498734802008	872.7884842604399	261.02916222810745	655.8691024258733	679.2017318531871
