subject	hemi	ParaSub	PreSub	Sub	CA1	CA3	CA4_DG	Tail
sub-9646699	L	49.776286125183105	291.95421393215656	482.8744185268879	767.4584829509258	266.288316398859	607.4632775485516	548.2057940661907
sub-9646699	R	60.51670500636101	319.36080004274845	487.9853764772415	743.7554895579815	242.1038559526205	574.4272305071354	529.687830477953
