subject	hemi	ParaSub	PreSub	Sub	CA1	CA3	CA4_DG	Tail
sub-7716381	L	54.51684641838074	410.4688918851316	591.5003764592111	720.9408508017659	181.58702309057117	609.2405730858445	513.6138764470816
sub-7716381	R	47.702240616083145	351.285521928221	543.3907409310341	862.7142802104354	243.9554805420339	647.5727307237685	556.1681268103421
