subject	hemi	ParaSub	PreSub	Sub	CA1	CA3	CA4_DG	Tail
sub-8127165	L	50.109609469771385	436.3943299204111	593.7599844932556	844.4561755508184	243.95565231144428	731.4595617353916	373.98879262804985
sub-8127165	R	45.51715449988842	312.6572972238064	539.8356745243073	961.9341365545988	327.582775875926	760.4957286417484	524.317621037364
