subject	hemi	ParaSub	PreSub	Sub	CA1	CA3	CA4_DG	Tail
sub-8434376	L	53.88729030266404	380.76648220047355	507.7256788723171	725.2007088772953	233.58566318824887	590.8713604733348	490.503967538476
sub-8434376	R	48.22079173475504	314.32400879636407	462.2455465756357	792.420936986804	249.4000088647008	615.2780438475311	460.39374965801835
