subject	hemi	ParaSub	PreSub	Sub	CA1	CA3	CA4_DG	Tail
sub-7620469	L	100.58957821130753	519.4659145772457	478.7634306102991	775.1619558036327	205.29014433920383	529.7248664051294	344.76744608581066
sub-7620469	R	34.07305300235748	225.88211984932423	392.5437921434641	656.4618092030287	200.10511453449726	495.02220264077187	451.76423969864845
