subject	hemi	ParaSub	PreSub	Sub	CA1	CA3	CA4_DG	Tail
sub-7468388	L	58.146399818360806	415.2097378112376	520.9472992643714	773.8285845890641	230.17826424911618	607.8706116043031	584.9453749880195
sub-7468388	R	44.44310814142227	353.2856738008559	580.2047767862678	938.4903002530336	284.7692154161632	713.4600293636322	598.5375588946044
