subject	hemi	CA1	CA2	DG	CA3	Tail	Sub	Cyst
sub-7840988	L	762.3290271162987	27.770993381738663	458.98433017730713	133.6669791340828	209.65574124455452	1061.4012635350227	730.2855732142925
sub-7840988	R	786.7430872321129	28.381344884634018	583.4960367679596	97.04588896036148	77.51464086771011	992.4315437078476	458.98433017730713
