subject	hemi	CA1	CA2	DG	CA3	Tail	Sub	Cyst
sub-7243263	L	713.8060129284859	17.395016133785248	466.61367839574814	100.70798814296722	23.193354845046997	1248.1687015295029	700.988632619381
sub-7243263	R	713.1956614851952	46.08153396844864	522.1556597352028	89.72166216373444	4.272460103034973	1181.33521848917	578.0028167963028
