subject	hemi	CA1	CA2	CA4_DG	CA3	Tail	Sub	Cyst
sub-9329687	L	645.4469034075737	11.901857793331146	367.12653654813766	75.6836085319519	28.68652904033661	1331.4821936488152	981.140328347683
sub-9329687	R	481.56747686862946	1.5258792042732239	274.35308092832565	28.68652904033661	9.460451066493988	1559.7537226080894	733.3375455737114
