subject	hemi	CA1	CA2	CA4_DG	CA3	Tail	Sub	Cyst
sub-7530670	L	661.6209645271301	35.09520798921585	628.3568108677864	167.54147118330002	0.0	1194.4577745199203	780.6394959688187
sub-7530670	R	711.6697828769684	54.93162989616394	716.2474187016487	139.7704805135727	9.765623092651367	1269.5310020446777	481.8724644780159
