subject	hemi	CA1	CA2	DG	CA3	Tail	Sub	Cyst
sub-6631671	L	568.84765625	21.66748046875	421.142578125	89.111328125	148.62060546875	1054.0771484375	704.345703125
sub-6631671	R	690.00244140625	25.0244140625	460.205078125	81.787109375	38.4521484375	1011.65771484375	561.82861328125
