subject	hemi	CA1	CA2	DG	CA3	Tail	Sub	Cyst
sub-9845403	L	665.5889638960361	31.433133095502853	402.22203320264816	172.11929190158844	0.0	875.2449098825455	790.4059681296349
sub-9845403	R	702.5152658820152	47.30228766798973	459.28995445370674	169.37270745635033	0.0	1002.8084985613823	563.965339422226
