subject	hemi	CA1	CA2	DG	CA3	Tail	Sub	Cyst
sub-6291976	L	716.2468591332436	53.100534081459045	616.149300634861	145.26353001594543	0.0	1102.5990208983421	918.5782045125961
sub-6291976	R	793.1510809063911	71.41106307506561	609.1302645206451	141.60142421722412	0.0	952.757858633995	767.2111648321152
