subject	hemi	CA1	CA2	DG	CA3	Tail	Sub	Cyst
sub-7175272	L	953.6758065223694	44.25055742263794	548.0965595245361	158.99683046340942	15.25881290435791	1253.664068222046	888.3680872917175
sub-7175272	R	903.6269001960754	65.61289548873901	609.7421636581421	118.10321187973022	0.0	1336.0616579055786	694.5811634063721
