subject	hemi	CA1	CA2	CA4_DG	CA3	Tail	Sub	Cyst
sub-9389605	L	650.329843878746	17.395026326179504	443.725759267807	148.9258394241333	184.93659567832947	1079.4071599245071	498.9625972509384
sub-9389605	R	735.7790960073471	46.08156096935272	519.1042066812515	146.48443222045898	17.395026326179504	1076.050225019455	685.119896531105
