subject	hemi	CA1	CA2	CA4_DG	CA3	Tail	Sub	Cyst
sub-7888815	L	623.7800278663635	18.615744471549988	442.50540137290955	122.37563169002533	272.8274681568146	1036.072991490364	715.638045668602
sub-7888815	R	735.7796708345413	25.939971804618835	458.3745605945587	72.93709719181061	210.87671196460724	1065.9802531003952	509.9493280649185
