subject	hemi	CA1	CA2	DG	CA3	Tail	Sub	Cyst
sub-6732374	L	817.872371673584	24.108924388885498	490.41824674606323	97.35122632980347	54.62655019760132	1369.0206937789917	778.1994581222534
sub-6732374	R	905.1527814865112	47.30232000350952	518.799638748169	91.85805368423462	1.525881290435791	1305.5440320968628	859.0711665153503
