subject	hemi	CA1	CA2	CA4_DG	CA3	Tail	Sub	Cyst
sub-7027863	L	692.1384015083313	6.71386456489563	375.36606431007385	106.81148171424866	163.5741548538208	1024.474697470665	784.3014514446259
sub-7027863	R	820.007003903389	18.310539722442627	456.2376147508621	77.81979382038116	27.46580958366394	1044.9214668273926	756.8356418609619
