subject	hemi	CA1	CA2	CA4_DG	CA3	Tail	Sub	Cyst
sub-9157179	L	636.2922495603561	37.84184122085571	390.01510548591614	143.43278527259827	101.01330196857452	1040.0402812957764	712.5862842798233
sub-9157179	R	586.8537150621414	42.72465944290161	399.1703896522522	130.92056357860565	58.59381866455078	1066.285429239273	585.9381866455078
