subject	hemi	CA1	CA2	DG	CA3	Tail	Sub	Cyst
sub-6937998	L	925.5992292165756	33.26419913768768	703.1258239746094	139.1603193283081	220.9475245475769	1328.73690867424	637.5129541158676
sub-6937998	R	806.8857111930847	64.08698916435242	735.7796708345413	172.11934232711792	0.0	1238.404771566391	617.3713289499283
