subject	hemi	CA1	CA2	CA4_DG	CA3	Tail	Sub	Cyst
sub-9548396	L	763.2452997267246	29.296900749206543	528.5649176836014	148.31556004285812	44.55570322275162	1170.960501819849	647.583576977253
sub-9548396	R	761.7194194793701	46.081583470106125	532.837382376194	107.11679336428642	0.0	1117.5546931624413	592.0415359735489
