subject	hemi	CA1	CA2	DG	CA3	Tail	Sub	Cyst
sub-8699817	L	787.3529773950577	43.33493131399155	507.5069772899151	124.816809207201	0.0	999.4500003755093	742.4921682178974
sub-8699817	R	803.2221071720123	58.59370994567871	511.16908416152	127.86856493353844	0.0	1050.1091454327106	654.9067788720131
