subject	hemi	CA1	CA2	CA4_DG	CA3	Tail	Sub	Cyst
sub-7101546	L	749.8184322416782	18.00540801882744	503.54107171297073	123.59644487500191	21.66752490401268	1209.7192777395248	770.8756043314934
sub-7101546	R	842.5920599997044	36.31599244475365	538.6363585293293	130.31032583117485	0.0	1022.34096378088	745.2407861351967
