subject	hemi	CA1	CA2	CA4_DG	CA3	Tail	Sub	Cyst
sub-8913388	L	975.6452576518059	50.35391539335251	573.119109749794	151.06174618005753	10.681133568286896	1443.478907942772	623.7782003879547
sub-8913388	R	988.7677931785583	50.04874014854431	617.3695202469826	144.6530660390854	0.0	1295.7740894556046	569.7621820569038
