subject	hemi	CA1	CA2	DG	CA3	Tail	Sub	Cyst
sub-6771081	L	751.3415994644165	29.296829223632812	481.2614550590515	138.54958820343018	267.0283913612366	1195.3716673851013	675.3529486656189
sub-6771081	R	776.6711497306824	38.146913051605225	581.6641302108765	100.09749984741211	216.97964143753052	1120.603717803955	435.48515939712524
