subject	hemi	CA1	CA2	CA4_DG	CA3	Tail	Sub	Cyst
sub-8502872	L	598.7554090619087	10.986337780952454	393.9822798669338	124.2066521346569	11.291513830423355	1001.8929704129696	753.1744900941849
sub-8502872	R	635.9868870973587	28.99172469973564	480.34710186719894	82.3975333571434	37.841830134391785	1062.623004257679	721.741356998682
