subject	hemi	CA1	CA2	DG	CA3	Tail	Sub	Cyst
sub-6405157	L	595.0921341776848	11.901842683553696	376.5865095257759	92.16298693418503	54.01605525612831	1081.2366314828396	734.8624918460846
sub-6405157	R	648.8030139803886	10.986316323280334	408.935107588768	54.62640616297722	21.057106286287308	1214.9034800827503	620.7268722653389
