subject	hemi	CA1	CA2	CA4_DG	CA3	Tail	Sub	Cyst
sub-7567693	L	659.1807174682617	5.1879963874816895	346.9854054450989	71.10606813430786	144.34837007522583	1028.7491660118103	756.5319437980652
sub-7567693	R	689.3931670188904	14.953636646270752	365.9063334465027	78.73547458648682	35.40044593811035	1023.8663458824158	630.4941492080688
