subject	hemi	CA1	CA2	DG	CA3	Tail	Sub	Cyst
sub-7607477	L	549.0110696256161	17.08983874320984	359.19178929924965	132.14107456803322	43.94529962539673	950.0119287073612	652.4656291604042
sub-7607477	R	650.0242236256599	31.433096259832382	426.3304415047169	111.69430321455002	21.3622984290123	801.3913667798042	599.0598830878735
