subject	hemi	CA1	CA2	CA4_DG	CA3	Tail	Sub	Cyst
sub-8867610	L	554.1995975971222	12.512215584516525	448.3035291135311	109.55818036198616	101.62360462546349	941.7731047272682	862.7325233519077
sub-8867610	R	632.6298269927502	36.92629477381706	490.41781571507454	126.34285980463028	25.634783148765564	1010.1325264573097	610.0468037426472
