subject	hemi	CA1	CA2	CA4_DG	CA3	Tail	Sub	Cyst
sub-7716381	L	632.6295180916786	22.583012223243713	480.04159766435623	111.99953359365463	90.6372247338295	1246.643309891224	669.5557948350906
sub-7716381	R	767.5172397494316	46.997079491615295	564.2701297402382	111.0840060710907	24.719243109226227	1170.044173836708	653.9918269515038
