subject	hemi	CA1	CA2	CA4_DG	CA3	Tail	Sub	Cyst
sub-8858710	L	447.08134070038795	12.817349016666412	344.23737359046936	109.5578165948391	0.0	896.9092561900616	849.9123097956181
sub-8858710	R	581.6635053753853	24.413998126983643	391.84466993808746	80.87136879563332	0.9155249297618866	948.7890022099018	606.3826784789562
