subject	hemi	CA1	CA2	DG	CA3	Tail	Sub	Cyst
sub-6515366	L	539.8562733530998	16.17432588338852	451.05006897449493	91.5527880191803	0.0	861.2065593004227	742.7982867956161
sub-6515366	R	530.0906426310539	31.433123886585236	466.9192188978195	60.73001605272293	0.0	1131.5924599170685	676.5751034617424
