subject	hemi	CA1	CA2	CA4_DG	CA3	Tail	Sub	Cyst
sub-6604264	L	676.8797506093979	31.127923607826233	459.2894610762596	144.65329205989838	13.42773175239563	1211.5476149320602	914.3064620494843
sub-6604264	R	750.4270995259285	55.847157061100006	531.6161071062088	123.59616726636887	0.0	1029.3577091097832	648.8035842180252
