subject	hemi	CA1	CA2	CA4_DG	CA3	Tail	Sub	Cyst
sub-7625176	L	694.5812990665436	33.56939494609833	410.1569709777832	129.39475870132446	227.05118036270142	986.0246824622154	616.456161737442
sub-7625176	R	723.2678729295731	74.76819783449173	627.4425091743469	130.61546397209167	56.15244245529175	965.2726928591728	625.9166275858879
