subject	hemi	CA1	CA2	DG	CA3	Tail	Sub	Cyst
sub-8623581	L	793.1527074873447	12.512220472097397	464.4780380129814	96.74082657694817	190.42989206314087	1191.7127059400082	893.2504712641239
sub-8623581	R	912.1713900268078	25.024440944194794	552.3687574267387	70.49568119645119	168.45721220970154	1217.9578513205051	755.9212221801281
