subject	hemi	CA1	CA2	DG	CA3	Tail	Sub	Cyst
sub-7195884	L	652.1607719063759	9.155275225639343	352.17292034626007	74.46290516853333	0.0	1022.0338910222054	839.5387381911278
sub-7195884	R	808.410802423954	24.108891427516937	433.04451817274094	81.7871253490448	0.0	1074.829311490059	805.3590440154076
