subject	hemi	CA1	CA2	DG	CA3	Tail	Sub	Cyst
sub-9515684	L	672.6071591377258	41.80906569957733	615.539310336113	141.90668284893036	99.4872658252716	1195.3730682134628	596.0080679655075
sub-9515684	R	803.2223424911499	41.80906569957733	600.5857028961182	112.91499495506287	78.12496948242188	1058.6543716192245	558.1662858724594
