subject	hemi	CA1	CA2	DG	CA3	Tail	Sub	Cyst
sub-8959211	L	651.8560416698456	19.531267166137695	457.15372210741043	130.61534917354584	301.8191129267216	1105.958003282547	787.9645597338676
sub-8959211	R	702.2100898325443	44.55570322275162	493.1644959449768	125.12218028306961	138.85510250926018	1034.2416316568851	601.8071695566177
