subject	hemi	CA1	CA2	CA4_DG	CA3	Tail	Sub	Cyst
sub-9436688	L	641.4798054099083	14.648444652557373	458.37424725294113	120.2393165230751	155.6397244334221	1110.2300342917442	640.5642776191235
sub-9436688	R	703.4305192530155	38.452167212963104	535.2785816788673	138.2446964085102	68.05423244833946	1141.052803248167	582.5808508694172
