subject	hemi	CA1	CA2	CA4_DG	CA3	Tail	Sub	Cyst
sub-6086470	L	630.4923636317253	32.04341635107994	462.03554624319077	152.28252151608467	132.14094552397728	1155.088865607977	474.85291278362274
sub-6086470	R	703.1241073608398	62.866131126880646	558.1657952964306	133.97199788689613	16.479471266269684	1086.1192266047	527.3430805206299
