subject	hemi	CA1	CA2	DG	CA3	Tail	Sub	Cyst
sub-9369902	L	658.5697218179703	15.56397396326065	424.1945844888687	116.57721674442291	44.25051420927048	1096.80240046978	712.8910427093506
sub-9369902	R	606.3846326470375	20.751965284347534	462.03640353679657	86.97514861822128	0.0	1052.8570622205734	671.0819361805916
