subject	hemi	CA1	CA2	DG	CA3	Tail	Sub	Cyst
sub-7131454	L	681.7631613612175	30.822774976491928	469.05549642443657	132.75155559182167	8.544927716255188	1113.2820110321045	583.4964926242828
sub-7131454	R	725.4033279120922	35.40041482448578	520.630238711834	101.31842863559723	0.0	1144.1047860085964	416.26005017757416
