subject	hemi	CA1	CA2	DG	CA3	Tail	Sub	Cyst
sub-7777200	L	686.646580696106	19.836456775665283	439.4538116455078	105.28580904006958	84.53382349014282	1133.4246225357056	549.0120882987976
sub-7777200	R	672.6084728240967	41.19879484176636	445.557336807251	107.11686658859253	0.0	1091.3102989196777	545.3499732017517
