subject	hemi	CA1	CA2	CA4_DG	CA3	Tail	Sub	Cyst
sub-6752784	L	524.2924529910088	3.3569365441799164	279.23608526587486	71.71637162566185	2.1362323462963104	1245.118281841278	825.5012138187885
sub-6752784	R	567.9326280653477	10.681161731481552	390.320167273283	82.7027094066143	0.9155281484127045	1123.6582141518593	831.6047348082066
