subject	hemi	CA1	CA2	CA4_DG	CA3	Tail	Sub	Cyst
sub-6686191	L	653.6860765814781	14.648427486419678	417.78535893559456	126.9530382156372	296.9358321726322	1097.7165347635746	713.5004888176918
sub-6686191	R	809.0204430520535	37.536595433950424	527.0382139384747	90.9423206448555	115.35636645555496	1048.583267569542	727.8437407314777
