subject	hemi	CA1	CA2	CA4_DG	CA3	Tail	Sub	Cyst
sub-6954998	L	706.7874544858932	14.953620582818985	471.80198818445206	115.96685349941254	2.1362315118312836	1139.526923596859	757.4466589093208
sub-6954998	R	778.1986221671104	33.2641763985157	556.3357208669186	84.2285567522049	0.0	1118.7749603390694	735.1688160002232
