subject	hemi	CA1	CA2	CA4_DG	CA3	Tail	Sub	Cyst
sub-8001042	L	526.1228413581848	21.05712068080902	511.16923391819	107.42183303833008	28.07616090774536	1130.0654765367508	858.4591373205185
sub-8001042	R	601.806405544281	27.16063392162323	514.8313418626785	90.02682030200958	20.14159369468689	1157.226110458374	754.3942365646362
