subject	hemi	CA1	CA2	DG	CA3	Tail	Sub	Cyst
sub-9717999	L	681.7622292637825	10.986320614814758	417.4801833629608	115.35636645555496	0.0	1097.4113591909409	702.514168202877
sub-9717999	R	732.7265498936176	36.01071757078171	506.2862749993801	92.77337408065796	10.986320614814758	1015.0139545798302	566.4058628082275
