subject	hemi	CA1	CA2	CA4_DG	CA3	Tail	Sub	Cyst
sub-6363167	L	698.8529485464096	23.803724884986877	588.3792510032654	148.92586851119995	13.122566282749176	1456.2996814250946	755.6156771183014
sub-6363167	R	932.3125579953194	41.809106528759	668.3353525400162	122.6807359457016	0.0	1260.6818910241127	561.5237665176392
