subject	hemi	CA1	CA2	CA4_DG	CA3	Tail	Sub	Cyst
sub-6117051	L	622.8644994497299	25.329619526863098	391.84616231918335	88.50108027458191	43.945363998413086	1067.2009576559067	722.9622730016708
sub-6117051	R	649.7199996709824	34.790079832077026	406.7997931241989	88.80625641345978	0.0	944.5201498270035	618.5920335054398
