subject	hemi	CA1	CA2	DG	CA3	Tail	Sub	Cyst
sub-8244977	L	784.606397241354	27.465801537036896	455.93230551481247	143.7376947104931	86.6698626279831	1242.369756191969	784.606397241354
sub-8244977	R	860.5951148271561	35.40036642551422	522.7657559216022	119.01847332715988	58.28853437304497	1240.8438783288002	606.6890383958817
