subject	hemi	CA1	CA2	DG	CA3	Tail	Sub	Cyst
sub-6653277	L	675.9644874930382	13.732912838459015	368.34723991155624	100.70802748203278	45.776376128196716	1211.8532640337944	727.8443804383278
sub-6653277	R	624.0845945477486	19.531253814697266	403.13728576898575	77.20948773622513	3.6621100902557373	1196.2892961502075	652.4659477472305
