subject	hemi	CA1	CA2	DG	CA3	Tail	Sub	Cyst
sub-7130957	L	656.43310546875	26.85546875	495.91064453125	111.99951171875	3.0517578125	1243.896484375	812.98828125
sub-7130957	R	772.0947265625	41.50390625	534.97314453125	76.904296875	0.0	1061.09619140625	547.79052734375
