subject	hemi	CA1	CA2	DG	CA3	Tail	Sub	Cyst
sub-7982706	L	608.5212803483009	6.408699542284012	364.3803454041481	109.86342072486877	3.9672901928424835	1017.4573463797569	1108.3998446464539
sub-7982706	R	479.4317609965801	1.5258808434009552	259.3997433781624	28.99173602461815	24.414093494415283	1256.1051102876663	840.1499923765659
