subject	hemi	CA1	CA2	CA4_DG	CA3	Tail	Sub	Cyst
sub-8065270	L	647.8883101344109	24.108891427516937	390.014724612236	129.39455652236938	73.85255348682404	1045.532430768013	679.0162459015846
sub-8065270	R	632.0191664099693	43.6401452422142	477.9053667783737	111.0840060710907	0.0	947.8761616945267	727.8443804383278
