subject	hemi	CA1	CA2	CA4_DG	CA3	Tail	Sub	Cyst
sub-8151667	L	604.5533407330513	0.0	367.73688822984695	88.50099384784698	332.6416665315628	1038.5133864283562	610.0465058684349
sub-8151667	R	644.8365517258644	13.122561156749725	425.4151221513748	90.6372247338295	207.51957178115845	1030.88399040699	569.1529431939125
