subject	hemi	CA1	CA2	CA4_DG	CA3	Tail	Sub	Cyst
sub-8253978	L	704.3465285301208	10.986340999603271	437.62258315086365	113.22034752368927	47.60747766494751	1133.4241797924042	981.1412864923477
sub-8253978	R	725.0985059738159	14.038102388381958	379.9442929029465	80.56650066375732	39.06254577636719	1153.8709810972214	584.7174820899963
