subject	hemi	CA1	CA2	CA4_DG	CA3	Tail	Sub	Cyst
sub-6276475	L	727.2337446808815	36.01073515415192	442.5047963857651	125.427221596241	0.0	1099.8533008098602	672.9124662280083
sub-6276475	R	657.3485044240952	38.1469652056694	494.6898447871208	123.29099154472351	0.0	1115.4172626137733	747.9856937527657
