subject	hemi	CA1	CA2	CA4_DG	CA3	Tail	Sub	Cyst
sub-9578406	L	881.9585245847702	29.296892166137695	578.6136202812195	137.0240060687065	0.0	1328.73613011837	682.983798623085
sub-9578406	R	881.3481726646423	41.198754608631134	609.4363922476768	78.12504577636719	0.0	1136.4752752780914	614.9295595288277
