subject	hemi	CA1	CA2	CA4_DG	CA3	Tail	Sub	Cyst
sub-7495593	L	612.4872546494007	26.85544514656067	535.888200879097	138.85485842823982	0.0	1112.059569478035	717.1624556183815
sub-7495593	R	731.5057047307491	38.146939128637314	571.8989114165306	114.13564187288284	28.99167373776436	1087.035177409649	450.7442327439785
