subject	hemi	CA1	CA2	DG	CA3	Tail	Sub	Cyst
sub-9086990	L	568.5423139035702	10.375973522663116	347.90028870105743	108.33737060427666	15.869135975837708	937.1945496499538	688.4763607978821
sub-9086990	R	637.8171959519386	4.882811069488525	317.9930709004402	38.75731286406517	0.0	877.9904654324055	753.4787831604481
