subject	hemi	CA1	CA2	DG	CA3	Tail	Sub	Cyst
sub-7134056	L	772.7060590982437	22.583036482334137	466.0040095746517	115.6617679297924	39.06254959106445	1307.6798827946186	682.9842655062675
sub-7134056	R	872.193490087986	34.79008322954178	529.7858288288116	73.54745665192604	0.0	1388.5515674948692	657.6546435058117
