subject	hemi	CA1	CA2	CA4_DG	CA3	Tail	Sub	Cyst
sub-7627786	L	573.4251249730587	36.010731637477875	483.70347157120705	125.4272093474865	0.0	1131.5914653539658	684.8142524957657
sub-7627786	R	625.3049925863743	50.65916484594345	550.5369480848312	114.44088444113731	25.63475811481476	1170.348778218031	531.6160551905632
