subject	hemi	CA1	CA2	CA4_DG	CA3	Tail	Sub	Cyst
sub-7956199	L	699.1574417352676	30.822741866111755	492.55351853370667	112.60981929302216	1.8310539722442627	1175.5366501808167	709.8385899066925
sub-7956199	R	718.9938597679138	55.5419704914093	490.7224645614624	98.57173883914948	0.0	1203.9179867506027	662.2311866283417
