subject	hemi	CA1	CA2	CA4_DG	CA3	Tail	Sub	Cyst
sub-9198294	L	554.503907173872	10.986318469047546	365.60026460886	106.81142956018448	169.06723421812057	985.10655605793	709.2278922796249
sub-9198294	R	630.1874344050884	2.441404104232788	367.1261421740055	69.27484145760536	118.40809905529022	1067.1987690627575	532.836445748806
