subject	hemi	CA1	CA2	CA4_DG	CA3	Tail	Sub	Cyst
sub-7137567	L	837.7087466418743	12.817401587963104	491.33372753858566	91.85804471373558	67.44394645094872	1389.1621911525726	817.87229180336
sub-7137567	R	785.5236116051674	28.076213002204895	517.2737069427967	90.3321635723114	0.0	1394.6553632616997	822.1447589993477
