subject	hemi	CA1	CA2	DG	CA3	Tail	Sub	Cyst
sub-9938814	L	705.8722024261951	39.06253433227539	577.3930855989456	143.4327432513237	0.0	1052.5521946251392	829.1633264124393
sub-9938814	R	826.7219180166721	54.93168890476227	616.7607959806919	129.69982102513313	0.0	1145.6308897137642	617.0659720301628
