subject	hemi	CA1	CA2	CA4_DG	CA3	Tail	Sub	Cyst
sub-8206666	L	791.0155477523804	4.577636271715164	415.03902196884155	104.37010699510574	0.0	1160.2782070040703	853.5765767991543
sub-8206666	R	702.5145798325539	7.62939378619194	337.8295568525791	68.35936832427979	0.0	1022.0335915982723	813.9037291109562
