subject	hemi	CA1	CA2	DG	CA3	Tail	Sub	Cyst
sub-7468388	L	557.556479036808	28.99171620607376	359.80245691537857	83.92338901758194	0.0	1083.6798341870308	871.2773659825325
sub-7468388	R	757.7519088387489	36.62111520767212	470.88650637865067	115.35651290416718	0.0	1074.2193794250488	791.6264404058456
