subject	hemi	CA1	CA2	CA4_DG	CA3	Tail	Sub	Cyst
sub-8517582	L	717.4705738723278	20.14166647195816	568.8494894504547	129.7001250088215	50.04898941516876	1428.8376124501228	941.7754959464073
sub-8517582	R	775.4541591703892	56.45770147442818	581.9720903337002	115.96717059612274	0.0	964.3585765361786	902.7128700613976
