subject	hemi	CA1	CA2	CA4_DG	CA3	Tail	Sub	Cyst
sub-7670989	L	718.3846309185028	40.28325033187866	636.9026018381119	146.78972280025482	128.78433060646057	1048.2800370454788	602.1125220060349
sub-7670989	R	756.2264721393585	62.255932331085205	728.7606196403503	131.83609199523926	2.746585249900818	998.5363264083862	508.4234473705292
