subject	hemi	CA1	CA2	CA4_DG	CA3	Tail	Sub	Cyst
sub-6317665	L	637.8183171153069	14.038106501102448	415.6500229239464	75.68370461463928	78.12511444091797	1194.7649337351322	853.8830867409706
sub-6317665	R	784.9132591485977	21.05715975165367	455.32293260097504	80.56652426719666	16.78469255566597	1055.2993974089622	791.0167837142944
