subject	hemi	CA1	CA2	DG	CA3	Tail	Sub	Cyst
sub-9882308	L	729.370259642601	20.141605496406555	413.208088517189	133.36184245347977	292.3584555387497	1212.7687915563583	929.8707870841026
sub-9882308	R	781.8605042695999	44.55567276477814	579.5289217829704	116.88234704732895	103.45461004972458	1212.4636157155037	855.1027060747147
