subject	hemi	CA1	CA2	CA4_DG	CA3	Tail	Sub	Cyst
sub-9646699	L	686.9500798285007	0.610351026058197	398.25404450297356	119.93397662043571	153.80845856666565	1151.4272106587887	660.0946346819401
sub-9646699	R	738.5247415304184	21.057110399007797	404.3575547635555	101.9286213517189	147.39977279305458	1081.236842662096	637.5116467177868
