subject	hemi	CA1	CA2	CA4_DG	CA3	Tail	Sub	Cyst
sub-6166973	L	665.8934246301651	22.27782768011093	484.0086945295334	130.00485742092133	144.95846778154373	1130.3708729743958	765.0755341649055
sub-6166973	R	739.1355978250504	40.8935467004776	533.1419857144356	108.3373811841011	80.87156623601913	1091.003204882145	708.9232013821602
