subject	hemi	CA1	CA2	CA4_DG	CA3	Tail	Sub	Cyst
sub-7698204	L	606.6890383958817	11.596671760082245	313.41531309485435	74.15766414999962	0.0	1187.4381531178951	712.5849620997906
sub-7698204	R	580.138763576746	22.582992374897003	363.1589314341545	55.84712979197502	4.272458016872406	1144.713572949171	574.9507788419724
