subject	hemi	CA1	CA2	CA4_DG	CA3	Tail	Sub	Cyst
sub-6880490	L	572.2049251198769	12.207038402557373	359.49728095531464	91.24761205911636	265.50308525562286	954.8955790400505	552.6736636757851
sub-6880490	R	543.823560833931	13.42774224281311	321.0451099872589	35.40041136741638	150.1465723514557	1057.4347016215324	516.3577244281769
