subject	hemi	CA1	CA2	CA4_DG	CA3	Tail	Sub	Cyst
sub-9589815	L	556.0314680337906	18.615762650966644	405.57948464155197	155.029629945755	43.02987760305405	858.1561405658722	502.3204151391983
sub-9589815	R	609.7425209283829	18.920939087867737	453.7973616719246	96.43575406074524	0.0	1097.1092906594276	511.7808846831322
