subject	hemi	CA1	CA2	DG	CA3	Tail	Sub	Cyst
sub-8127165	L	874.0234375	28.076171875	420.83740234375	104.98046875	125.732421875	1382.75146484375	839.84375
sub-8127165	R	995.17822265625	50.6591796875	621.03271484375	140.68603515625	30.82275390625	1186.21826171875	629.57763671875
