subject	hemi	CA1	CA2	DG	CA3	Tail	Sub	Cyst
sub-9096690	L	775.1463329792023	28.68651783466339	469.6654356122017	112.60984128713608	70.80076742172241	1215.2097235918045	827.331381380558
sub-9096690	R	676.2693991661072	45.776358246803284	510.25380659103394	112.30466556549072	0.0	1240.8444842100143	648.4984084963799
