subject	hemi	CA1	CA2	DG	CA3	Tail	Sub	Cyst
sub-9559806	L	909.7296257913113	28.68654304742813	556.0306535363197	152.58799493312836	13.427743554115295	1564.332124054432	945.130040615797
sub-9559806	R	1068.726316511631	54.01615020632744	634.1557069420815	130.31014767289162	0.0	1388.2455779016018	715.9428722262383
