subject	hemi	CA1	CA2	CA4_DG	CA3	Tail	Sub	Cyst
sub-9745500	L	980.5290191173553	14.648426055908203	557.555716753006	137.02381873130798	163.87926650047302	1224.0591022968292	693.9691843986511
sub-9745500	R	915.2214529514313	26.85544776916504	550.2315037250519	121.76504158973694	56.457475423812866	1301.8788657188416	666.1982100009918
