subject	hemi	CA1	CA2	CA4_DG	CA3	Tail	Sub	Cyst
sub-7651278	L	630.1882344484329	20.14160943031311	471.49676620960236	106.20121335983276	0.0	1155.090783238411	651.2453715801239
sub-7651278	R	693.3596458435059	36.621108055114746	491.3331997394562	65.91799449920654	0.0	1047.0585144758224	520.9352620840073
