subject	hemi	CA1	CA2	CA4_DG	CA3	Tail	Sub	Cyst
sub-6451366	L	703.4296949207783	24.414045810699463	549.9263818860054	174.8656031191349	0.0	1312.8653134703636	773.6200766265392
sub-6451366	R	686.0346872806549	32.34861069917679	658.2637101709843	108.64250385761261	28.68650382757187	1378.1728860139847	656.1274811625481
