subject	hemi	CA1	CA2	DG	CA3	Tail	Sub	Cyst
sub-8858912	L	570.6788223981857	32.0434632897377	400.0855273604393	90.33204889297485	10.375978589057922	1370.239525437355	767.8224155902863
sub-8858912	R	708.3131266236305	31.127935767173767	468.1397398710251	97.35109323263168	0.0	1298.8283786773682	628.051880478859
