subject	hemi	CA1	CA2	DG	CA3	Tail	Sub	Cyst
sub-9992517	L	625.9150994718075	15.258778631687164	429.68720626831055	109.86320614814758	258.7888855934143	1192.320962280035	755.9198934137821
sub-9992517	R	713.5004888176918	28.991679400205612	546.5694505870342	88.50091606378555	58.28853437304497	1085.2043362855911	605.7735116779804
