subject	hemi	CA1	CA2	CA4_DG	CA3	Tail	Sub	Cyst
sub-7620469	L	422.6679617166519	4.57763135433197	140.99104571342468	26.245086431503296	0.0	969.5423208475113	923.4608318805695
sub-7620469	R	557.555498957634	9.15526270866394	279.2355126142502	59.50920760631561	0.0	676.2687387466431	785.216364979744
