subject	hemi	ParaSub	PreSub	Sub	CA1	CA3	CA4_DG	Tail	SRLM	Cyst
sub-7137567	L	8.808053738437593	323.95397646166384	580.7715433202684	668.1000761166215	117.51271695178002	528.6752254776657	436.1786611508578	686.8601905731484	28.800175711512566
sub-7137567	R	0.4960030261427164	334.54604108445346	525.2592046363279	672.0521002281457	173.30505734402686	439.28268008865416	400.18644156027585	717.1003750702366	17.744108257815242
