subject	hemi	ParaSub	PreSub	Sub	CA1	CA3	CA4_DG	Tail	SRLM	Cyst
sub-6880490	L	3.8960106167942286	237.3526467960328	341.0649294164032	529.8894439712167	108.58429589681327	431.31317534670234	397.08908208459616	535.0254579670727	32.81608942523599
sub-6880490	R	0.10400028340518475	282.2727692052722	374.9770218282938	453.81723667122424	172.77647082321346	342.4089330788702	342.67293379828334	531.0334470886737	31.84008676558733
