subject	hemi	ParaSub	PreSub	Sub	CA1	CA3	CA4_DG	Tail	SRLM	Cyst
sub-7307768	L	2.1440045945346355	273.29658566601574	372.22479766607285	647.3053871551529	108.18423183541745	484.52903833054006	351.4487531436607	587.1692582853138	13.368028647266328
sub-7307768	R	0.0	258.36855367571115	378.88081192970276	589.0412622969598	167.28835849370807	476.1770204324275	345.832741108723	578.9372406443581	29.392062986269593
