subject	hemi	ParaSub	PreSub	Sub	CA1	CA3	CA4_DG	Tail	SRLM	Cyst
sub-7130957	L	5.4880232606083155	280.5211889697239	389.3536502486095	620.5066299745813	85.62436291296035	493.066089826636	417.01776750106364	597.514532524161	25.648108707740903
sub-7130957	R	0.5520023396238685	313.69732958450913	400.665698193945	594.4425195036456	163.64869361370802	409.8977373233065	357.4255149234086	613.1625988474116	31.62413403671235
