subject	hemi	ParaSub	PreSub	Sub	CA1	CA3	CA4_DG	Tail	SRLM	Cyst
sub-9589815	L	4.21602866705507	204.56939097773284	352.5463971532881	476.49123992118984	102.60069763753563	446.7150374567136	340.2503135455772	505.64343814272434	14.872101123444736
sub-9589815	R	0.128000870347023	232.71358234528452	396.8186981845647	483.44328719191253	167.21713699959219	415.1068225353956	338.7463033189997	534.0436312509701	19.66413370706141
