subject	hemi	ParaSub	PreSub	Sub	CA1	CA3	CA4_DG	Tail	SRLM	Cyst
sub-7956199	L	5.760005638003349	271.7682660119608	439.7604304458946	612.3845994137228	92.68009071704	489.20847884658724	425.7524167345837	590.6325781224295	40.59203973226249
sub-7956199	R	0.14400014095008373	274.75226893275976	458.2564485501498	595.136582531035	167.15216361172497	453.34444374218583	411.2884025769308	603.7365909488872	31.31203064881265
