subject	hemi	ParaSub	PreSub	Sub	CA1	CA3	CA4_DG	Tail	SRLM	Cyst
sub-7131454	L	3.631986642256379	241.3031125338748	384.6545853149146	608.6537614893168	104.37561612669379	445.19836264662445	369.99863921664655	570.5739015396684	15.519942920655012
sub-7131454	R	0.15199944097548723	234.03913924936205	375.85461767949164	563.5339274313301	171.3433698322624	417.82246332988143	332.76677614822984	560.6859379056841	24.3119105855003
