subject	hemi	ParaSub	PreSub	Sub	CA1	CA3	CA4_DG	Tail	SRLM	Cyst
sub-9938814	L	4.576031647622585	290.77001095190644	386.39467228762805	620.7642931770533	101.61670277640224	550.5318074524403	411.6508469581604	643.3964496999979	23.63216343894601
sub-9938814	R	0.0	256.1857717689127	421.07491213455796	671.6206448972225	233.76961673982441	526.739642906934	383.34665120765567	698.9568339530379	22.224153701215982
