subject	hemi	ParaSub	PreSub	Sub	CA1	CA3	CA4_DG	Tail	SRLM	Cyst
sub-9329687	L	0.6640010364353657	225.43235187605023	337.96852753311396	521.1128134019673	83.6561305783689	352.11254961043596	206.84032285586	479.5687485560775	2.6480041332542896
sub-9329687	R	0.0	190.83229786902666	330.8485164195299	494.76877228170633	185.40028939023614	294.52845972776413	230.2003593184054	485.7767582461238	5.464008528739214
