subject	hemi	ParaSub	PreSub	Sub	CA1	CA3	CA4_DG	Tail	SRLM	Cyst
sub-7840988	L	4.70401993766427	288.8332241997123	367.87355920672417	695.410947451368	134.20056879986078	456.80193612352014	396.75368161313236	595.4985239794478	17.496074155904353
sub-7840988	R	0.0	313.87333033047616	361.87353377602994	750.1871796166524	232.86498698219657	434.25784057192504	403.50571023114026	699.7789659649134	20.744087922386825
