subject	hemi	ParaSub	PreSub	Sub	CA1	CA3	CA4_DG	Tail	SRLM	Cyst
sub-6954998	L	6.840028990991414	284.20920460112393	413.9537545144558	557.0423609856516	102.6084348987788	529.2662432584912	315.3053363999352	578.5384520953521	30.62412979826331
sub-6954998	R	1.024004340171814	291.6892363047227	427.9778139544651	581.306463827379	195.91283036302775	439.65786345954984	336.3694256786257	593.610515977256	27.13611501455307
