subject	hemi	ParaSub	PreSub	Sub	CA1	CA3	CA4_DG	Tail	SRLM	Cyst
sub-7108358	L	2.312014374881983	217.91335486993194	330.8580571003258	524.0352581739426	80.56850093230605	400.3464891426265	326.77003168314695	496.1790849789977	28.336176179349422
sub-7108358	R	0.03200019896030426	210.59330935776234	316.28196647390723	512.5391866974533	158.600986097008	397.76247307658195	294.3378300368786	485.5550189241767	57.912360068410635
