subject	hemi	ParaSub	PreSub	Sub	CA1	CA3	CA4_DG	Tail	SRLM	Cyst
sub-8858710	L	3.6080224327743053	242.14550553262234	295.18583530932665	471.2189297899604	80.12049814686179	361.2822462618351	302.97788375616074	482.33099887892604	3.6560227312147617
sub-8858710	R	0.06400039792060852	208.18529438599944	286.4737811423838	460.0908606015146	173.32907766848803	352.4501913487911	261.36162500828505	451.618807926774	13.96808684617281
