subject	hemi	ParaSub	PreSub	Sub	CA1	CA3	CA4_DG	Tail	SRLM	Cyst
sub-6752784	L	4.759969194419682	343.06177977193147	320.1099283117801	437.5411683199927	111.51927826926112	388.50948564335704	290.6141192028299	500.7887589940801	14.223907945677638
sub-6752784	R	0.38399751484394073	245.55841079447418	388.0214888015762	493.60480548720807	199.87870642449707	409.2693512896076	302.57404180057347	533.436547704041	17.42388723604381
