subject	hemi	ParaSub	PreSub	Sub	CA1	CA3	CA4_DG	Tail	SRLM	Cyst
sub-9389605	L	4.328015320934355	227.72880614735186	341.93721043877304	591.858095144853	119.50442303903401	445.12957573402673	374.28932496346533	567.378008486703	13.512047831900418
sub-9389605	R	0.024000084958970547	213.96075740922242	343.27321516815573	563.3859943551943	164.54458247870207	446.34558003861457	350.63324122224003	557.9939752677456	17.97606363426894
