subject	hemi	ParaSub	PreSub	Sub	CA1	CA3	CA4_DG	Tail	SRLM	Cyst
sub-6686191	L	3.744014125317335	261.4649864481762	395.1694908849895	568.5301449354738	103.48839043825865	470.15377378370613	326.43323155865073	533.3060120427981	36.27213684655726
sub-6686191	R	0.0	207.24878190271556	341.5212884824723	638.1224074913189	219.8248293492943	442.4576692925766	312.42517870943993	544.138052909635	36.35213714838028
