subject	hemi	ParaSub	PreSub	Sub	CA1	CA3	CA4_DG	Tail	SRLM	Cyst
sub-7101546	L	6.792043020017445	327.20207246020436	399.62653118837625	640.9160594884306	125.60879559163004	476.5150181911886	352.2182309096679	657.1721624527127	13.88008791487664
sub-7101546	R	0.16800106409937143	269.60170762613416	317.75401261728257	693.2683910820633	209.4093263745308	490.77110848762095	341.0341600710526	660.692184748128	14.568092272616923
