subject	hemi	ParaSub	PreSub	Sub	CA1	CA3	CA4_DG	Tail	SRLM	Cyst
sub-9086990	L	4.952018682844937	271.8330255644396	316.6331945853308	512.0739319389686	121.6884591029957	422.8175951950252	291.4170994507149	484.3858274780214	40.216151726432145
sub-9086990	R	0.17600066401064396	249.12093987688422	354.09733592905104	489.03384501393884	182.120687100105	418.3375782929361	287.7850857479498	500.1698870277032	56.88021459616721
