subject	hemi	ParaSub	PreSub	Sub	CA1	CA3	CA4_DG	Tail	SRLM	Cyst
sub-6937998	L	5.032025428488851	350.6737720705569	480.72242924943566	719.6836367994547	122.53661921806633	635.2032098919153	444.3382453881204	737.8997288513929	74.88037839531898
sub-6937998	R	0.6960035171359777	335.00969291478395	479.03442071937025	676.163416877389	214.70508497580886	640.0912345927209	445.01024878397584	716.9156228117645	93.34447170048952
