subject	hemi	ParaSub	PreSub	Sub	CA1	CA3	CA4_DG	Tail	SRLM	Cyst
sub-8913388	L	4.839991214685142	347.0313700856641	503.2310865595937	754.7426300281659	102.36781418696046	527.8070419505239	518.0150597244501	720.8866914818063	28.18394884187728
sub-8913388	R	0.007999985478818417	329.1354025695473	489.7191110858694	713.3107052333653	188.94365703873336	524.3270482672378	508.68707665614784	726.1826818687841	29.015947331674397
