subject	hemi	ParaSub	PreSub	Sub	CA1	CA3	CA4_DG	Tail	SRLM	Cyst
sub-8867610	L	3.7599993031471968	252.39195322338492	352.47993467375636	474.7839120067656	119.5999778341502	451.0399164073169	291.70394593756646	469.50391298532486	59.40798898972571
sub-8867610	R	0.103999980725348	235.19995640963316	345.64793593995273	521.8239032886922	175.15996753703803	471.1199126858264	343.4639363447204	526.0399025073275	35.623993397690356
