subject	hemi	ParaSub	PreSub	Sub	CA1	CA3	CA4_DG	Tail	SRLM	Cyst
sub-9688312	L	6.392004024237394	306.5361929871142	456.9282876700163	549.5763459987938	99.5120626501739	500.888315346092	385.0962424464524	587.4563698470592	50.104031544178724
sub-9688312	R	0.18400011584162712	289.1601820476353	445.79228065907955	556.3523502647877	157.76009932160378	452.50428488478065	357.0802248083055	617.4403887242079	50.52003180608153
