subject	hemi	ParaSub	PreSub	Sub	CA1	CA3	CA4_DG	Tail	SRLM	Cyst
sub-7651278	L	4.088008760474622	290.5366226108745	433.44092885032296	530.0811359472573	78.68816862627864	432.4649267587811	325.1446967748925	575.0972324153408	3.3120070975273848
sub-7651278	R	0.04000008571892977	254.3605450866744	435.77693385630846	554.161187550053	155.56833337806165	417.7608952485025	344.41673807427287	591.5852677486837	0.0
