subject	hemi	ParaSub	PreSub	Sub	CA1	CA3	CA4_DG	Tail	SRLM	Cyst
sub-7698204	L	4.7920342572033405	310.11421693861485	418.5949924439192	453.60324271023273	82.96059306710958	380.59472078830004	339.5704275146127	497.05155331268907	14.936106774955988
sub-7698204	R	0.616004403680563	239.16970977187157	383.01073805987835	541.9798744954169	164.88917875662446	353.93853022903204	361.4265837594867	506.43562039732933	28.30420234054327
