subject	hemi	ParaSub	PreSub	Sub	CA1	CA3	CA4_DG	Tail	SRLM	Cyst
sub-7627786	L	2.536007205955684	264.8167524654418	393.79311894625425	549.7775621693581	99.5442828508094	466.1773246228695	377.60107293725014	568.56161554344	10.22402905113995
sub-7627786	R	0.13600038643926382	256.67272932454944	398.91313349455595	516.1134665142745	157.06444629188627	455.28929368499666	376.6810703231022	582.7936559831724	13.216037552803755
