subject	hemi	ParaSub	PreSub	Sub	CA1	CA3	CA4_DG	Tail	SRLM	Cyst
sub-9548396	L	6.1200266517698765	305.42533008009195	450.329961117357	652.6428421586752	108.15247098729014	508.83421589434147	444.80193704366684	683.8669781349599	26.200114097446203
sub-9548396	R	0.2240009754896164	298.1452983766794	449.6899583302438	562.634450186044	164.60071681067348	477.8580809980631	405.80976723879576	619.7226987965405	22.58409835025668
