subject	hemi	ParaSub	PreSub	Sub	CA1	CA3	CA4_DG	Tail	SRLM	Cyst
sub-8854398	L	4.568020956590772	296.8493618480861	463.6981272958219	552.9625368118286	99.76045766845345	430.88997678272426	381.5617504809052	588.8427014183253	2.9520135428756475
sub-8854398	R	0.1600007340312004	337.7535495031625	483.3542174715549	525.8664125036448	152.3766990546137	449.44206189364195	381.18574875593185	614.322818312794	10.656048886477947
