subject	hemi	ParaSub	PreSub	Sub	CA1	CA3	CA4_DG	Tail	SRLM	Cyst
sub-8001042	L	3.632004400715232	339.4404112827033	327.35239663627	441.56853502616286	84.24810207914561	440.82453412469476	343.9524167496711	522.7846334315836	16.48801997769624
sub-8001042	R	0.2720003295689821	256.80031115189195	341.8724142294377	480.9125826973468	196.33623789064586	419.60850841831416	317.3523845197633	515.3046243684366	37.000044831074774
