subject	hemi	ParaSub	PreSub	Sub	CA1	CA3	CA4_DG	Tail	SRLM	Cyst
sub-8502872	L	4.656007267534733	294.48845966532826	357.49655801430345	466.1527276150882	109.32017063722014	459.55271731317043	347.0725417435169	498.84077863767743	73.75211511924863
sub-8502872	R	0.13600021228194237	246.34438451752067	379.2645919919014	432.816675581038	156.32824401184916	449.8967022411525	310.30448435246944	485.9287584833801	76.61611958965659
