subject	hemi	ParaSub	PreSub	Sub	CA1	CA3	CA4_DG	Tail	SRLM	Cyst
sub-8796916	L	3.3919970020651817	247.99978081136942	286.1277471128851	409.5356380417943	79.82392944954336	381.47166284546256	259.4317707074806	441.9036094341427	38.49596597626805
sub-8796916	R	0.02399997878819704	239.2877885112539	323.11971441842616	392.84765279106796	155.96786215156317	361.711680309847	280.82375180069357	460.8235927121714	33.47197041660547
