subject	hemi	ParaSub	PreSub	Sub	CA1	CA3	CA4_DG	Tail	SRLM	Cyst
sub-8749907	L	6.823980463668704	324.27107164636254	484.95061163790524	682.9740447178483	127.48763501644135	569.2543702851981	411.11882301047444	696.1820069048554	56.351838670670986
sub-8749907	R	0.4639986716210842	313.2951030693948	483.4466159436852	642.8701595310122	186.9194648694247	506.870548883453	457.77468943968415	696.6460055764765	37.559892470017076
