subject	hemi	ParaSub	PreSub	Sub	CA1	CA3	CA4_DG	Tail	SRLM	Cyst
sub-6451366	L	4.82397214975208	308.75021749176085	428.0695286253467	685.9800396300852	137.33520712237805	492.0611591823399	419.0295808156952	629.2283672746271	12.975925086066127
sub-6451366	R	0.0	283.7263619620353	497.3571286071092	594.8285658750683	217.90274198167026	439.6534617478028	375.0778345623985	590.5325906770304	15.55191021412611
