subject	hemi	ParaSub	PreSub	Sub	CA1	CA3	CA4_DG	Tail	SRLM	Cyst
sub-6604264	L	4.255974933505058	275.63837656751275	436.3334301188588	650.3801694437861	114.63932480663061	430.9014621116221	355.1899080313742	620.2603468410671	10.99993521347642
sub-6604264	R	0.023999858647584915	261.5824593529105	373.70979895442724	651.3481637425721	187.57489523664117	461.5732814632356	392.1176905371249	638.0842418633401	18.431891441345215
