subject	hemi	ParaSub	PreSub	Sub	CA1	CA3	CA4_DG	Tail	SRLM	Cyst
sub-7495593	L	2.2159949457272887	326.11925618257374	399.0630898112431	490.9268802870065	100.03977182786912	525.5188013892621	362.74317265022546	571.8946956144646	10.255976608023047
sub-7495593	R	0.1279997080564499	303.4633078565821	382.5831273989752	541.5507648233324	188.42357024084777	567.2867061244324	359.63917972985655	609.422610020265	33.31992400344461
