subject	hemi	ParaSub	PreSub	Sub	CA1	CA3	CA4_DG	Tail	SRLM	Cyst
sub-9745500	L	6.215981480665505	327.4470244338736	470.398598536849	726.3738359073177	159.91952355019748	525.606434055604	408.9427816327661	664.0140216965228	27.719917413778603
sub-9745500	R	0.3279990227892995	318.87104998435825	502.7585021266714	645.294077469036	186.0874455878511	508.8224840601906	399.95080842263997	676.5899842288345	4.631986199878156
