subject	hemi	ParaSub	PreSub	Sub	CA1	CA3	CA4_DG	Tail	SRLM	Cyst
sub-8151667	L	5.864020075649023	245.18483939766884	382.63330995664	508.03373926877975	125.19242860004306	506.5777342841029	289.4569909647107	513.2737572081387	33.33611412718892
sub-8151667	R	0.19200065732002258	215.52873786911368	347.3851892836392	528.1538081504405	185.71263579279184	472.24961676076055	307.20105171203613	528.6018096841872	31.528107937425375
