subject	hemi	ParaSub	PreSub	Sub	CA1	CA3	CA4_DG	Tail	SRLM	Cyst
sub-9572797	L	7.431959688663483	291.822417140007	335.57417982816696	669.4283689856529	165.5111022591591	399.98983043432236	287.7824390530586	515.9972012042999	22.599877417087555
sub-9572797	R	0.15199917554855347	287.3104416131973	350.2621001601219	502.3092754483223	205.4228857755661	399.1818348169327	392.8698690533638	528.2851345539093	25.527861535549164
