subject	hemi	ParaSub	PreSub	Sub	CA1	CA3	CA4_DG	Tail	SRLM	Cyst
sub-8517582	L	5.936010647565126	348.0086242314428	466.2408363074064	581.1450424138457	136.10424413345754	549.9849865213037	334.9206007551402	643.0731534957886	11.712021008133888
sub-8517582	R	0.0	293.47252640873194	454.35281498357654	649.8171655926853	223.47240084782243	563.1210100837052	362.15264960192144	649.3291647173464	70.08812571875751
