subject	hemi	ParaSub	PreSub	Sub	CA1	CA3	CA4_DG	Tail	SRLM	Cyst
sub-8699817	L	2.2799871023744345	259.3905326575041	450.1254536919296	623.2124745585024	79.43155066482723	492.8292121216655	362.46994954906404	608.1725596375763	35.01580191962421
sub-8699817	R	0.37599787302315235	275.1504435054958	437.92552270554006	642.1563673950732	158.51110332086682	475.0453127231449	388.90180002711713	649.7803242672235	39.73577521927655
