subject	hemi	CA1	CA2	DG	CA3	Tail	Sub	SRLM	Cyst
sub-8502872	L	496.60877515375614	61.40009583905339	324.2485061176121	128.82420108094811	408.0006368458271	625.4329762347043	498.2247776761651	74.16811576858163
sub-8502872	R	487.18476044386625	60.9520951397717	325.0005072914064	160.45625045523047	303.05647303909063	640.2489993609488	486.4647593200207	76.72011975198984
