subject	hemi	CA1	CA2	DG	CA3	Tail	Sub	SRLM	Cyst
sub-7268178	L	586.4261441845447	38.8401420135051	291.26506496965885	121.24844332784414	412.2815074492246	639.3703377675265	546.3779977541417	15.696057390421629
sub-7268178	R	638.7063353396952	57.72821107506752	314.4891498852521	140.6325142029673	356.27330266311765	674.1944650970399	594.2661728505045	30.12811015918851
