subject	hemi	CA1	CA2	DG	CA3	Tail	Sub	SRLM	Cyst
sub-8867610	L	521.6959033124149	72.37598658632487	312.8559420173988	132.67997540999204	351.83193479385227	560.447896130383	468.34391320031136	59.62398894969374
sub-8867610	R	579.511892597191	84.92798426002264	340.59193687699735	164.74396946746856	338.1599373277277	586.111891373992	526.3839024435729	35.86399335321039
