subject	hemi	CA1	CA2	DG	CA3	Tail	Sub	SRLM	Cyst
sub-9515684	L	661.1671077627689	62.351915856823325	375.6954930033535	139.7998113417998	400.5194595037028	580.0632172115147	577.4072207957506	19.951973075047135
sub-9515684	R	648.447124928236	65.73591129016131	343.5915363272652	173.1357663553208	360.90351296495646	646.6391273681074	621.4951612995937	21.10397152043879
