subject	hemi	CA1	CA2	DG	CA3	Tail	Sub	SRLM	Cyst
sub-6086470	L	626.3721650037915	81.34350197017193	384.237647484988	136.9751613624394	491.96498791873455	663.0039407238364	602.9083086624742	29.471819557249546
sub-6086470	R	616.3242265228182	86.27947174943984	401.4055423736572	166.07098322175443	395.78157680667937	695.4597420115024	610.5962615925819	36.367777336388826
