subject	hemi	CA1	CA2	DG	CA3	Tail	Sub	SRLM	Cyst
sub-9389605	L	652.6023101760074	71.07225159183145	306.65708554908633	139.12849250715226	432.44153081905097	508.76980101689696	567.4820088548586	13.472047690302134
sub-9389605	R	642.9302759375423	68.8002435490489	319.9211325030774	163.4245785139501	347.96123176347464	540.7939143804833	558.7939780997112	18.02406380418688
