subject	hemi	CA1	CA2	DG	CA3	Tail	Sub	SRLM	Cyst
sub-8699817	L	602.668590772897	61.13565416261554	320.55018668435514	152.72713604010642	430.8535627108067	707.4519980251789	606.9245666973293	34.87980268895626
sub-8699817	R	640.7883751336485	73.78358261473477	328.4861417915672	174.2150144856423	385.1738211158663	777.5956012308598	649.1883276160806	39.87977440468967
