subject	hemi	CA1	CA2	DG	CA3	Tail	Sub	SRLM	Cyst
sub-9589815	L	524.9635695107281	68.39246503729373	302.0660539101809	133.45690744556487	402.4667365886271	500.62740403600037	504.99543373659253	14.896101286634803
sub-9589815	R	535.8916438166052	73.38449898082763	291.0899792779237	164.4491181783378	333.4022669820115	638.4523411821574	534.4356339164078	19.680133815854788
