subject	hemi	CA1	CA2	DG	CA3	Tail	Sub	SRLM	Cyst
sub-8244977	L	685.2527391761541	66.09645712003112	324.13824172504246	140.67297288775444	449.7951107621193	650.0204955115914	594.1881093773991	43.05629777535796
sub-8244977	R	712.5729281213135	69.7684825155884	334.242311604321	167.9611616116017	356.8984682932496	750.3571894355118	637.3724080380052	20.62414263561368
