subject	hemi	CA1	CA2	DG	CA3	Tail	Sub	SRLM	Cyst
sub-6653277	L	577.1575413737446	71.61569492518902	271.84684196300805	117.75949835777283	438.870130462572	598.3974508941174	521.8777768593282	28.78387738391757
sub-6653277	R	571.2455665580928	70.95169775374234	249.47893724776804	150.14336040616035	296.70273607969284	610.2694003209472	491.9419043827802	42.8958172686398
