subject	hemi	CA1	CA2	DG	CA3	Tail	Sub	SRLM	Cyst
sub-9992517	L	569.0966895455495	52.36006344202906	327.30439657811075	151.7441838607192	333.0724035669118	542.9126578196883	512.6806211890653	17.05602066591382
sub-9992517	R	653.5047918185592	72.78408818878233	314.6883812919259	193.92823497299105	312.4563785875216	588.0807125475258	570.9126917459071	11.99201453011483
