subject	hemi	CA1	CA2	DG	CA3	Tail	Sub	SRLM	Cyst
sub-8858710	L	486.8190267831087	53.12833032384515	250.48955741152167	100.6726259291172	358.0822263658047	513.147190477699	481.6029943525791	3.6560227312147617
sub-8858710	R	510.3471730686724	75.71247074007988	243.80151582881808	154.46496038138866	254.37758158519864	504.4751365594566	452.67481449246407	13.96808684617281
