subject	hemi	CA1	CA2	DG	CA3	Tail	Sub	SRLM	Cyst
sub-6317665	L	587.979099502787	80.43132964707911	256.8378593912348	169.10259061865509	367.3089386727661	599.371004557237	539.5635030213743	18.25584784708917
sub-6317665	R	623.5228032646701	80.53532878030092	256.1578650586307	198.39034652058035	273.693718906492	575.9391998490319	549.3954210774973	31.007741566747427
