subject	hemi	CA1	CA2	DG	CA3	Tail	Sub	SRLM	Cyst
sub-7840988	L	719.7790507338941	51.16821687296033	283.6172020919621	131.18455601669848	456.097933139652	709.6270077051595	595.5385241489857	17.264073172584176
sub-7840988	R	768.1632558070123	77.60832893755287	290.0572293875739	199.30484473984689	393.94566971156746	769.3712609270588	700.4029686097056	20.89608856663108
