subject	hemi	CA1	CA2	DG	CA3	Tail	Sub	SRLM	Cyst
sub-6570677	L	807.1933539127931	75.69612696580589	371.6966234501451	184.06430873274803	373.8166270060465	648.0090869115666	674.7371317427605	28.456047729589045
sub-6570677	R	766.825286203064	68.26411450002342	411.7206905828789	172.92029004078358	337.76056652888656	743.6252472894266	700.0171741452068	45.080075613223016
