subject	hemi	CA1	CA2	DG	CA3	Tail	Sub	SRLM	Cyst
sub-7101546	L	651.0841238917783	65.16841276921332	326.11406556889415	151.91296219918877	416.69063927046955	723.8125845454633	656.7001594631001	13.944088320247829
sub-7101546	R	702.0444466685876	76.4564842665568	370.92234937939793	186.84918348118663	335.41812449973077	652.3321317965165	661.4681896632537	14.600092475302517
