subject	hemi	CA1	CA2	DG	CA3	Tail	Sub	SRLM	Cyst
sub-7468388	L	460.38864527642727	45.82366609573364	343.01350055634975	92.6953245550394	425.484899610281	701.6908869743347	529.6921402812004	4.463967472314835
sub-7468388	R	653.8992352187634	70.07948935031891	279.54196305572987	224.2383660376072	324.43763591349125	704.7548646479845	580.2677717506886	14.735892623662949
