subject	hemi	CA1	CA2	DG	CA3	Tail	Sub	SRLM	Cyst
sub-7956199	L	646.7846330851316	65.18406380340457	330.10432311240584	140.31213734019548	497.51248697470874	662.4646484330297	589.9845774881542	40.44803959131241
sub-7956199	R	652.1766383629292	75.0080734193325	313.4003067621961	168.6961651230231	408.5763999223709	744.624728852883	603.8245910350233	31.320030656643212
