subject	hemi	CA1	CA2	DG	CA3	Tail	Sub	SRLM	Cyst
sub-7130957	L	654.3547734376043	45.3841923577711	389.7616519778967	80.2723402287811	482.3940445939079	643.5387275945395	597.810533778742	25.648108707740903
sub-7130957	R	618.3626208873466	58.86424949206412	307.4973033061251	157.1366660129279	350.4894855255261	751.2111839568242	613.6026007123291	31.712134409695864
