subject	hemi	CA1	CA2	DG	CA3	Tail	Sub	SRLM	Cyst
sub-7027863	L	591.3368541738018	71.976103967987	246.32035580463707	146.93621224630624	342.92049534153193	562.3608123185113	525.4647590229288	34.392049678601325
sub-7027863	R	614.072887015529	75.64010926056653	249.1763599300757	235.7603405509144	235.26433983445168	659.3129523638636	522.4407546548173	32.60004709009081
