subject	hemi	CA1	CA2	DG	CA3	Tail	Sub	SRLM	Cyst
sub-8796916	L	433.40761694312096	51.33595462795347	282.63975019566715	83.61592609807849	313.8797225849703	506.57555227540433	440.76761043816805	38.46396600455046
sub-8796916	R	418.06363050453365	75.79193301312625	250.44777864776552	148.91186838783324	280.7277518855408	581.2634862642735	461.2315923515707	33.55997033882886
