subject	hemi	CA1	CA2	DG	CA3	Tail	Sub	SRLM	Cyst
sub-8127165	L	695.702737194486	59.67989167198539	259.2795293685049	191.66365210153162	311.9754337174818	688.2227507717907	613.1348870676011	4.303992187604308
sub-8127165	R	778.5425868276507	68.25587610527873	379.19931169599295	201.05563505366445	330.7993995491415	731.0466730399057	683.7107589617372	44.2639196543023
