subject	hemi	CA1	CA2	DG	CA3	Tail	Sub	SRLM	Cyst
sub-7777200	L	503.36620731651783	61.14378224313259	281.64699694514275	129.47953887283802	413.806526273489	705.3254880607128	563.9419915825129	9.135967463254929
sub-7777200	R	506.5501959770918	59.50378808379173	300.7909287661314	149.18346869945526	331.10282081365585	712.6934618204832	556.1820192188025	15.159946009516716
