subject	hemi	CA1	CA2	DG	CA3	Tail	Sub	SRLM	Cyst
sub-8959211	L	651.0664563262835	58.4562205420807	290.89709748886526	140.64053060486913	350.8013234939426	601.0502676265314	537.0340261077508	17.744066944345832
sub-8959211	R	597.1302528372034	69.36826171074063	261.4089862369001	204.5527717312798	300.08113213814795	664.8425083002076	537.0980263492092	34.55213035736233
