subject	hemi	CA1	CA2	DG	CA3	Tail	Sub	SRLM	Cyst
sub-6166973	L	609.1826105676591	57.23186946474016	318.3112739911303	126.71171099413186	388.6471135681495	653.094510412775	591.1266517499462	25.863941009156406
sub-6166973	R	615.982595058158	73.3758326433599	359.6471797116101	172.33560693450272	343.6312162410468	601.318628503941	564.7587118903175	35.87191818282008
