subject	hemi	CA1	CA2	DG	CA3	Tail	Sub	SRLM	Cyst
sub-8451275	L	636.9841785645112	55.97601569164544	354.6480994177982	131.8560369629413	407.824114324525	723.7762028947473	615.5521725565195	26.512007432058454
sub-8451275	R	672.9841886563227	67.36001888290048	323.4320906670764	197.6160553973168	356.5840999605134	707.2561982637271	616.6561728660017	40.21601127367467
