subject	hemi	CA1	CA2	DG	CA3	Tail	Sub	SRLM	Cyst
sub-8724991	L	608.0434277839959	67.11949529126287	323.92556422390044	122.41507949307561	446.3646435365081	577.8916545119137	505.9481954947114	53.807595390826464
sub-8724991	R	570.939706787467	79.607401387766	300.1017433684319	172.7907006908208	365.4692518338561	602.5154693517834	532.5879951752722	31.327764429152012
