subject	hemi	CA1	CA2	DG	CA3	Tail	Sub	SRLM	Cyst
sub-9882308	L	662.6889572404325	82.84011966083199	366.3605292001739	178.28025752212852	375.4805423738435	621.3528975313529	578.5208356613293	59.04808529373258
sub-9882308	R	635.0409173034132	94.43213640525937	387.7285600658506	224.92032489273697	363.7605254445225	739.9450688352808	613.8888867497444	88.04012717213482
