subject	hemi	CA1	CA2	DG	CA3	Tail	Sub	SRLM	Cyst
sub-8858912	L	514.2124326666817	47.415671055205166	228.74241310637444	110.7032319996506	467.87675411906093	834.4982106937096	547.0762046752498	9.999930625781417
sub-8858912	R	594.275877228938	66.13554118666798	289.88598892465234	141.90301555208862	401.64521359838545	830.6582373334095	604.0678092977032	17.775876680389047
