subject	hemi	CA1	CA2	DG	CA3	Tail	Sub	SRLM	Cyst
sub-9369902	L	601.3242483567446	76.30352394469082	280.79024815838784	137.05514491721988	424.43735194858164	616.3241547727957	556.5885274615139	8.295948241837323
sub-9369902	R	608.8042016895488	82.80748336669058	273.3742944262922	176.39889945276082	328.613949787803	611.6681838212535	535.9886559834704	16.751895485445857
