subject	hemi	CA1	CA2	DG	CA3	Tail	Sub	SRLM	Cyst
sub-9717999	L	590.0443187318742	69.73556492198259	276.55027461145073	156.15102577861398	421.9333675708622	662.835864587687	591.340310646221	24.287848468869925
sub-9717999	R	597.1962741110474	75.54352868627757	308.79807341843843	174.3509122300893	360.5177507409826	680.6597533849999	598.9242633301765	38.23176147323102
