subject	hemi	CA1	CA2	DG	CA3	Tail	Sub	SRLM	Cyst
sub-9938814	L	620.8842940069735	60.2484166752547	384.1226565744728	141.9689818508923	486.93136759474874	677.7806874997914	641.7964386343956	23.720164047554135
sub-9938814	R	700.6928459592164	76.34452799521387	374.4105894062668	235.1536263115704	378.8506201133132	728.5330385006964	699.9488408137113	22.184153424575925
