subject	hemi	CA1	CA2	DG	CA3	Tail	Sub	SRLM	Cyst
sub-9686611	L	580.8963657170534	55.83203515037894	263.7361660413444	120.66407596692443	429.5522704347968	589.3123710155487	565.6643561273813	19.61601234972477
sub-9686611	R	587.7923700585961	57.808036394417286	290.70418301969767	142.88808995857835	355.8002240024507	664.1524181328714	592.0803727582097	17.58401107043028
