subject	hemi	CA1	CA2	DG	CA3	Tail	Sub	SRLM	Cyst
sub-6752784	L	450.62108366936445	79.1594876954332	249.454385580495	143.26307282969356	341.5737894019112	637.4598744856194	499.7887654658407	14.27190763503313
sub-6752784	R	550.5084372181445	91.11141034495085	286.4621460735798	177.23085299693048	293.8780980790034	641.2438499964774	534.5645404038951	17.471886925399303
