subject	hemi	CA1	CA2	DG	CA3	Tail	Sub	SRLM	Cyst
sub-8623581	L	745.6368963830173	78.38451472856104	350.9943048786372	144.13694650586694	470.627090472728	699.1325910026208	700.3085987251252	24.816162960603833
sub-8623581	R	823.0854049650952	90.66459536831826	360.6263681296259	211.92139162681997	360.6983686024323	714.8206940218806	681.4844751125202	52.3603438353166
