subject	hemi	CA1	CA2	DG	CA3	Tail	Sub	SRLM	Cyst
sub-8151667	L	533.8978278152645	69.12823666259646	390.5453370437026	118.97640731930733	351.43320314213634	603.218065135181	513.2977572903037	33.40811437368393
sub-8151667	R	597.8900468945503	84.69628996029496	374.7932831160724	141.0964830480516	303.52103911340237	555.9379032701254	529.913814175874	31.224106896668673
