subject	hemi	CA1	CA2	DG	CA3	Tail	Sub	SRLM	Cyst
sub-7495593	L	512.0308321528137	64.93585189338773	388.54311380535364	120.05572617519647	428.51902262773365	696.2544119730592	570.8786979317665	10.255976608023047
sub-7495593	R	579.9506772402674	81.21581476181746	420.49504092894495	188.063571061939	359.12718089763075	715.686367652379	609.3426102027297	33.559923456050456
