subject	hemi	CA1	CA2	DG	CA3	Tail	Sub	SRLM	Cyst
sub-7137567	L	736.0844908934087	67.16040974948555	400.9224460506812	113.82469445094466	513.4911328386515	839.5091218929738	686.8841907195747	28.800175711512566
sub-7137567	R	739.9005141751841	77.70447407942265	307.0338732311502	173.19305666070431	388.02636737097055	861.1092536766082	718.4443832701072	17.67210781853646
