subject	hemi	CA1	CA2	DG	CA3	Tail	Sub	SRLM	Cyst
sub-6515366	L	490.5602517351508	64.02403285447508	289.35214848350734	161.76008300855756	392.12820122390985	620.4083183677867	537.4882758166641	30.320015558972955
sub-6515366	R	511.95226271264255	85.81604403723031	328.0721683530137	199.3121022786945	336.48017266765237	687.9923530491069	577.7522964784876	5.1360026355832815
