subject	hemi	CA1	CA2	DG	CA3	Tail	Sub	SRLM	Cyst
sub-9573597	L	621.9205363467336	46.60804019495845	365.31231504678726	101.400087447837	412.536355772987	744.0326416566968	571.0564924813807	55.41604779101908
sub-9573597	R	656.5525662135333	67.89605855382979	327.800282696262	227.544196235016	327.23228220641613	832.9367183279246	631.5125446189195	48.91204218193889
