subject	hemi	CA1	CA2	DG	CA3	Tail	Sub	SRLM	Cyst
sub-8065270	L	631.7741912975907	70.43179836124182	296.03915247134864	131.59162326715887	415.05481174215674	557.5184038840234	504.9345544259995	56.823837319388986
sub-8065270	R	672.4860747437924	70.19179904833436	260.7112536113709	175.03149890340865	322.53507661633193	599.7262830473483	501.47856432013214	89.1597447451204
