subject	hemi	Sub	CA1	CA2	CA3	CA4	DG	SRLM	Cyst
sub-8913388	L	612.1910778116435	1100.6002153111622	109.74864741414785	359.753929996863	162.04805499315262	184.77407400496304	701.8458427004516	20.61840247735381
sub-8913388	R	630.7114004809409	1082.4041413394734	96.75485769379884	303.2678995281458	229.8398746093735	182.76659309770912	733.541152891703	20.627939203754067
