subject	hemi	Sub	CA1	CA2	CA3	CA4	DG	SRLM	Cyst
sub-7130957	L	455.9659957885742	911.1356735229492	132.33661651611328	347.98622131347656	140.02323150634766	141.33453369140625	588.1690979003906	12.269020080566406
sub-7130957	R	503.5257339477539	893.4402465820312	97.10311889648438	254.02545928955078	169.1293716430664	132.96127319335938	613.398551940918	10.256767272949219
