subject	hemi	Sub	CA1	CA2	CA3	CA4	DG	SRLM	Cyst
sub-7027863	L	240.04926841333508	371.77071354165673	189.04678589478135	193.03791134990752	149.1355313435197	80.40901857800782	364.1365536209196	16.946785982698202
sub-7027863	R	222.94989459961653	468.2872850317508	201.9595310948789	305.7812449950725	109.36255951412022	64.02013185247779	350.3130498044193	8.611675713211298
