subject	hemi	Sub	CA1	CA2	CA3	CA4	DG	SRLM	Cyst
sub-8253978	L	227.73292526043952	526.2237993460149	292.00588113442063	299.7258837725967	129.59018634818494	75.02087801508605	407.16695816628635	0.0
sub-8253978	R	337.8013754747808	486.0692951977253	164.39933968894184	256.23828398250043	135.07382009364665	71.18233439326286	372.5533082894981	1.749994421377778
