subject	hemi	Sub	CA1	CA2	CA3	CA4	DG	SRLM	Cyst
sub-9578406	L	583.3629211597145	987.9642553376034	120.27747526019812	395.8132202029228	159.3686083946377	171.78068689536303	659.5281650675461	29.892938963137567
sub-9578406	R	520.9925843216479	1020.7802077932283	104.45600908063352	303.9981715930626	243.16801967844367	176.45369378384203	682.979030248709	34.918805555440485
