subject	hemi	Sub	CA1	CA2	CA3	CA4	DG	SRLM	Cyst
sub-8451275	L	519.2614615866914	902.571854445152	93.15969379339367	317.97415268048644	136.36114876437932	152.05386270582676	609.1405150908977	22.41611918527633
sub-8451275	R	448.1554906675592	897.7796400692314	95.0575060537085	267.68212778214365	196.52847313787788	146.3079738272354	565.5671270638704	34.07478998042643
