subject	hemi	Sub	CA1	CA2	CA3	CA4	DG	SRLM	Cyst
sub-6686191	L	390.51982886809856	784.2964533003978	127.54908425593749	338.53030904894695	130.1621500966139	124.85495615378022	503.534926477354	20.451531734783202
sub-6686191	R	362.7440833901055	936.2881935769692	112.19016988947988	317.1394087546505	157.44675363739952	134.77793063269928	551.0278749684803	24.87657753797248
