subject	hemi	Sub	CA1	CA2	CA3	CA4	DG	SRLM	Cyst
sub-6954998	L	329.7950447606854	526.519078805577	172.8106388845481	320.12001409661025	205.3547908226028	136.561460418161	461.84085508575663	0.63896210398525
sub-6954998	R	367.9897197824903	771.2701748753898	116.01453723851591	287.14670850662515	178.94276773324236	139.46540012955666	535.3262654179707	9.00745831662789
