subject	hemi	Sub	CA1	CA2	CA3	CA4	DG	SRLM	Cyst
sub-7108358	L	419.60650683939457	708.4644691944122	72.82245701551437	251.1115918904543	119.55719386786222	105.67171751707792	494.58426444232464	16.95153448730707
sub-7108358	R	345.6062638834119	788.7970997169614	98.54778150469065	241.31737196445465	140.2375891059637	116.47206227481365	461.0960431471467	46.20544843375683
