subject	hemi	Sub	CA1	CA2	CA3	CA4	DG	SRLM	Cyst
sub-8699817	L	409.05924490559846	869.9983371589333	88.10990986134857	307.1496771192178	172.47188222128898	154.51420711912215	582.9234906770289	31.43785234959796
sub-8699817	R	503.4681693208404	955.1280168187805	89.93619492882863	243.93064990080893	223.25977322319523	150.72335430281237	631.8946333480999	40.31655416591093
