subject	hemi	Sub	CA1	CA2	CA3	CA4	DG	SRLM	Cyst
sub-7982706	L	296.6312359571457	620.3945406610146	120.01529671112075	280.3090793103911	106.94517361186445	77.9200589437969	381.5035894936882	14.843959579709917
sub-7982706	R	291.85332156624645	391.92726300517097	201.3685875525698	143.54247196530923	110.76464409800246	58.27911146264523	335.93220442999154	0.7247934006154537
