subject	hemi	Sub	CA1	CA2	CA3	CA4	DG	SRLM	Cyst
sub-9882308	L	344.7676378330216	604.8775900639594	117.97907272540033	304.63224638812244	159.99320294056088	106.79247080907226	488.85831844154745	23.884777919389307
sub-9882308	R	351.5625686645508	757.8517486648634	126.99129677563906	313.26300063729286	224.6666393391788	156.7173310238868	539.9943452747539	53.63942240271717
