subject	hemi	Sub	CA1	CA2	CA3	CA4	DG	SRLM	Cyst
sub-6732374	L	555.4017162024975	864.9267359673977	112.55281868577003	355.0105873569846	128.01190350949764	140.56704550236464	633.5316066518426	9.102835573256016
sub-6732374	R	458.2078463807702	980.5503907501698	101.7142931446433	281.8302743434906	173.97430900484324	145.33065615594387	621.8156993687153	20.818742856383324
