subject	hemi	Sub	CA1	CA2	CA3	CA4	DG	SRLM	Cyst
sub-6363167	L	391.42631577700377	729.594658148475	92.72580811567605	455.08411369659007	172.94893861748278	135.85098597221076	571.456290342845	5.550387773662806
sub-6363167	R	388.1027588369325	1101.413418491371	110.55952828191221	308.4327597627416	222.01551094651222	151.55324279237539	620.6659139031544	16.283998494036496
