subject	hemi	Sub	CA1	CA2	CA3	CA4	DG	SRLM	Cyst
sub-9157179	L	358.55335291847587	818.9020216614008	122.1229077000171	304.4227352850139	136.7999726291746	131.59290475957096	529.79054546915	12.15936178341508
sub-9157179	R	320.9165519159287	827.6901407856494	113.37770397029817	226.97952166758478	173.17792205885053	109.23398420959711	495.3914725650102	6.61373913474381
