subject	hemi	Sub	CA1	CA2	CA3	CA4	DG	SRLM	Cyst
sub-6604264	L	354.22795052919537	770.9835454011336	105.88643866963685	325.20764674898237	136.40401083417237	133.44285266008228	541.4723292412236	2.9134744675830007
sub-6604264	R	396.790426957421	946.5358792776242	82.25916209537536	266.4088682550937	154.3903049286455	132.95647885371	576.4578647054732	12.259480942972004
