subject	hemi	Sub	CA1	CA2	CA3	CA4	DG	SRLM	Cyst
sub-7840988	L	449.9434985406697	752.1867017517798	110.98383773351088	327.8827347038314	116.78217701101676	108.34692850615829	472.4215999832377	11.835097110830247
sub-7840988	R	435.0041918330826	836.9301932319067	96.81700714677572	280.86659549642354	152.05381815880537	106.27268707053736	546.7795791719109	8.420943391509354
