subject	hemi	Sub	CA1	CA2	CA3	CA4	DG	SRLM	Cyst
sub-7956199	L	481.00452707335353	872.4066187497228	89.04453613981605	278.4727916121483	151.07148944959044	155.7492601443082	583.1191646140069	35.14765320159495
sub-7956199	R	489.8021692056209	931.3198266327381	92.32994287647307	230.22165842168033	237.51249572262168	168.95287589728832	581.2356585748494	32.12927516922355
