subject	hemi	Sub	CA1	CA2	CA3	CA4	DG	SRLM	Cyst
sub-7243263	L	487.62311948277056	814.8382502757013	111.7419978287071	317.72607319802046	130.3815587023273	134.12472966313362	566.2058678064495	10.323522458784282
sub-7243263	R	423.0736859841272	865.8979632034898	106.06763675436378	203.2517989864573	197.57266954146326	140.77660672087222	538.9355560550466	17.20904967840761
