subject	hemi	Sub	CA1	CA2	CA3	CA4	DG	SRLM	Cyst
sub-7530670	L	504.87508449703455	808.1243843995035	126.10909859929234	394.0390770919621	199.26544112246484	155.57762922067195	645.5706289168447	3.714560736902058
sub-7530670	R	535.5214026691392	873.5941134337336	137.05727761331946	325.1170477066189	287.82362084742635	170.226063859649	636.2055489588529	13.270375520922244
