subject	hemi	Sub	CA1	CA2	CA3	CA4	DG	SRLM	Cyst
sub-9436688	L	394.2682284023613	760.0978748034686	130.22429149132222	372.85822954494506	151.44355539232492	157.69489358877763	534.9304903834127	13.756758731324226
sub-9436688	R	350.1750748534687	789.6856349171139	128.97974590072408	251.8273629527539	208.9358396292664	147.3522905772552	523.1955221900716	21.53874495299533
