subject	hemi	Sub	CA1	CA2	CA3	CA4	DG	SRLM	Cyst
sub-8244977	L	436.1388086085208	890.9505475675687	145.74517777422443	325.431601267308	133.3140415577218	132.52249241620302	528.7071428513154	32.31046375259757
sub-8244977	R	490.79861468821764	980.4432842424139	102.92523023905233	241.21267995703965	171.61834429157898	134.24387338059023	584.110814389307	23.06936594378203
