subject	hemi	Sub	CA1	CA2	CA3	CA4	DG	SRLM	Cyst
sub-6631671	L	316.1191940307617	630.0783157348633	109.41505432128906	303.5593032836914	153.72276306152344	102.61058807373047	419.6310043334961	7.038116455078125
sub-6631671	R	328.1688690185547	832.4003219604492	133.76235961914062	300.0640869140625	154.75749969482422	116.44840240478516	510.4398727416992	9.393692016601562
