subject	hemi	Sub	CA1	CA2	CA3	CA4	DG	SRLM	Cyst
sub-9086990	L	289.0395271368325	415.677902511321	161.38548891292885	235.96279860707	104.80877666734159	82.94103099871427	376.6964762485586	18.100733222439885
sub-9086990	R	363.1590732932091	622.35337144183	119.33800062118098	231.98120950255543	135.05454875109717	109.82510210201144	445.9046011143364	41.15103469695896
