subject	hemi	Sub	CA1	CA2	CA3	CA4	DG	SRLM	Cyst
sub-7777200	L	505.28605256974697	795.3656226396561	96.59305406361818	274.1770259961486	114.03578456491232	125.9042799770832	554.8533526137471	7.658016726374626
sub-7777200	R	436.2256190404296	864.3640672415495	92.18230345845222	245.5667518004775	159.9934216812253	128.17879677563906	532.6851584911346	7.681858621537685
