subject	hemi	Sub	CA1	CA2	CA3	CA4	DG	SRLM	Cyst
sub-7137567	L	431.06619083089754	975.2812366769649	147.67668421845883	352.87431909004226	122.89542080601677	135.28366832295433	631.8816857994534	14.982245457358658
sub-7137567	R	422.31621616054326	1046.6972424741834	111.29395575262606	266.66203459957615	171.00836054654792	150.20392485894263	613.7952258950099	5.588539680466056
