subject	hemi	Sub	CA1	CA2	CA3	CA4	DG	SRLM	Cyst
sub-7447784	L	370.7217446099967	744.5000148070976	97.96617501880974	276.81345301494	168.26626352220774	129.8856481546536	548.5772015107796	7.84873809106648
sub-7447784	R	296.8119995240122	907.4304715711623	138.41149487812072	277.5000983886421	202.90370792895555	116.99674228578806	592.7656923308969	11.720655059441924
