subject	hemi	Sub	CA1	CA2	CA3	CA4	DG	SRLM	Cyst
sub-7134056	L	512.2429675073363	860.0436638724059	92.3348645363003	380.5308404560201	153.10783750237897	163.94159149052575	577.3265538560227	20.14162713289261
sub-7134056	R	514.6414614580572	1039.3918835036457	97.79465692909434	282.373786826618	212.10697398800403	173.75014428701252	634.3754238886759	20.575549497734755
