subject	hemi	Sub	CA1	CA2	CA3	CA4	DG	SRLM	Cyst
sub-8001042	L	429.7254791110754	562.0000551268458	94.15146010927856	346.1121160816401	153.832375517115	97.46070869453251	486.2211235463619	10.304446963593364
sub-8001042	R	457.1292998883873	489.2824169062078	135.2071233931929	297.7894573453814	191.28315129317343	103.27335138246417	436.05310572870076	21.31461264565587
