subject	hemi	Sub	CA1	CA2	CA3	CA4	DG	SRLM	Cyst
sub-9329687	L	218.3771559940651	505.9863125095144	79.8463977361098	255.78503836132586	48.4323596181348	61.898243595846	324.95505004003644	0.014305117540061474
sub-9329687	R	286.25017034914345	541.3485630685464	65.36008204054087	198.1783300274983	79.86547122616321	66.04672768246382	359.6688019372523	0.0
