subject	hemi	ParaSub	PreSub	Sub	CA1	CA3	CA4_DG	Tail	SRLM	Cyst
sub-6653277	L	4.677773435600102	227.54196796473116	314.774574724026	405.08755012694746	94.69987811520696	373.32542081549764	293.21199421864003	436.53496685251594	11.367800071835518
sub-6653277	R	0.49114236887544394	228.12370941136032	279.18821065686643	467.3768002688885	158.6485218917951	305.461943205446	254.91719456389546	450.77332717739046	16.560557738877833
