subject	hemi	ParaSub	PreSub	Sub	CA1	CA3	CA4_DG	Tail	SRLM	Cyst
sub-6276475	L	4.920958511531353	259.74268608540297	386.004372545518	574.4885276267305	83.47509661130607	387.42057862877846	288.20985887013376	547.7141264230013	14.066693419590592
sub-6276475	R	0.0	228.95331679377705	380.8593006134033	529.7993578882888	154.80992154590786	381.81297474354506	267.10028199944645	561.9810914099216	10.58101447392255
