subject	hemi	ParaSub	PreSub	Sub	CA1	CA3	CA4_DG	Tail	SRLM	Cyst
sub-8858710	L	6.475431534461677	202.45021845260635	203.84734764229506	387.1955199041404	75.43543952517211	328.9309411710128	175.62819902598858	379.2228236407973	3.337851306423545
sub-8858710	R	0.0	134.73475216329098	166.859186808113	324.8587625771761	291.9523170548491	287.64172051055357	168.27062107482925	369.9340602909215	2.28404396539554
