subject	hemi	ParaSub	PreSub	Sub	CA1	CA3	CA4_DG	Tail	SRLM	Cyst
sub-9157179	L	4.611020723357797	222.077629936859	322.6093258112669	546.6038433704525	78.29675313085318	412.3835627902299	304.37505151331425	513.5160741880536	12.211813932284713
sub-9157179	R	0.10013592056930065	192.75211034156382	315.2803301010281	487.11833817511797	136.88103504106402	407.8917514961213	250.23966550268233	480.1231288667768	6.289489487186074
