subject	hemi	ParaSub	PreSub	Sub	CA1	CA3	CA4_DG	Tail	SRLM	Cyst
sub-7137567	L	5.979546722956002	271.2206045095809	458.1410443340428	583.0916363024153	104.3845752091147	455.2990907081403	304.4180560926907	614.1576226660982	14.510175979230553
sub-7137567	R	0.6437311065383255	262.69951201044023	436.4544586115517	602.4226430128329	153.7659036484547	425.3679784433916	306.71641456196085	597.3729301104322	5.178459123708308
