subject	hemi	ParaSub	PreSub	Sub	CA1	CA3	CA4_DG	Tail	SRLM	Cyst
sub-9688312	L	9.79900551494211	307.6029424639419	263.414434382692	486.06882052123547	80.27555126231164	465.874762927182	255.0793192293495	552.368271946907	26.850705622695386
sub-9688312	R	0.28133397828787565	288.58190450817347	355.2246787548065	512.4712991276756	139.34614995773882	423.8463275944814	268.1017445633188	569.5868650926277	39.167411824688315
