subject	hemi	ParaSub	PreSub	Sub	CA1	CA3	CA4_DG	Tail	SRLM	Cyst
sub-9646699	L	8.411400077864528	211.06701419875026	246.90129514271393	492.9919678289443	85.61126813944429	391.3685219902545	286.8220669408329	461.70670937607065	23.508051238022745
sub-9646699	R	0.07629387825727463	161.30910047283396	153.6797126471065	571.5317471274175	209.86538561619818	268.2921912590973	283.76077507575974	435.990904035978	18.1722481274046
