subject	hemi	ParaSub	PreSub	Sub	CA1	CA3	CA4_DG	Tail	SRLM	Cyst
sub-7027863	L	8.482929730787873	196.38530689291656	206.19861177541316	265.7746230494231	123.710583999753	358.3239109329879	81.82999275438488	347.2231462262571	16.551011295989156
sub-7027863	R	0.0	170.31662963703275	157.9140999969095	321.2212261464447	390.29582990147173	290.59875580854714	61.516737749800086	335.19731779396534	8.48769810050726
