subject	hemi	ParaSub	PreSub	Sub	CA1	CA3	CA4_DG	Tail	SRLM	Cyst
sub-6937998	L	4.673009626567364	305.7864911556244	407.73916342668235	699.0059460997581	108.81436701864004	605.960602382198	374.50834292918444	669.2608093135059	54.59791859611869
sub-6937998	R	0.7963189873844385	321.2503383178264	445.41411144658923	641.7281995341182	164.63775854744017	614.4769240077585	368.83397409692407	674.6061601210386	90.84235346503556
