subject	hemi	ParaSub	PreSub	Sub	CA1	CA3	CA4_DG	Tail	SRLM	Cyst
sub-9436688	L	7.123950622044504	263.2047031028196	338.2970554428175	487.93339712312445	105.6004086183384	439.23399437684566	339.52729591168463	521.393076851964	13.246542722918093
sub-9436688	R	0.3242494259029627	259.78101063519716	338.08724699076265	455.32725632423535	170.99865679861978	406.4704972389154	263.40974318096414	508.38018445065245	21.10959130106494
