subject	hemi	ParaSub	PreSub	Sub	CA1	CA3	CA4_DG	Tail	SRLM	Cyst
sub-7101546	L	6.957068405579776	205.62690942687914	256.753494378645	523.6350307678804	85.23958520777524	445.524175694678	245.69561800267547	449.1767558171414	0.16689334763213992
sub-7101546	R	0.0	166.3926675892435	193.22434950713068	549.4129004050046	140.89136407105252	410.82466453127563	223.60370715754107	487.419174331706	4.115113114472479
