subject	hemi	ParaSub	PreSub	Sub	CA1	CA3	CA4_DG	Tail	SRLM	Cyst
sub-9515684	L	5.550382353365421	265.20241868309677	356.8314112108201	554.0845613926649	73.01327714323997	497.6222955454141	275.8215780481696	531.8496533911675	12.111659087240696
sub-9515684	R	0.04291532747447491	247.40209452062845	369.834755435586	572.3998694848269	159.8691315818578	435.685941260308	309.4147427212447	578.7036542538553	15.587800612673163
