subject	hemi	ParaSub	PreSub	Sub	CA1	CA3	CA4_DG	Tail	SRLM	Cyst
sub-8854398	L	7.309908638242632	284.4999275878072	441.4746127612889	514.3781960424967	83.38445685384795	380.5491707059555	347.552061914932	540.6900524455123	4.863735688850284
sub-8854398	R	0.5102154104970396	312.95278136758134	475.6352034229785	509.1902113077231	141.30105849774554	419.44475111179054	368.52334579685703	584.1871082824655	11.520377866923809
