subject	hemi	ParaSub	PreSub	Sub	CA1	CA3	CA4_DG	Tail	SRLM	Cyst
sub-7530670	L	6.780623065307736	298.19959538336843	346.79406068474054	565.2045099698007	107.04038436710835	540.7904522381723	343.9187331823632	626.0632245847955	3.523825910873711
sub-7530670	R	0.28133386839181185	290.99935570079833	369.1863292604685	570.9074812680483	187.38266146089882	554.3278565155342	382.1229188358411	614.647745246999	12.898442610166967
