subject	hemi	ParaSub	PreSub	Sub	CA1	CA3	CA4_DG	Tail	SRLM	Cyst
sub-6117051	L	8.659372940659523	236.4685922358185	360.8564790915698	482.3213507421315	88.69181536138058	392.2228641156107	249.90587910078466	478.7069208472967	48.86156086064875
sub-6117051	R	0.3814701735973358	270.042735889554	404.34407888166606	459.0325966440141	117.5118869766593	360.9136996176094	236.42090846411884	467.4678558576852	71.2204814106226
