subject	hemi	ParaSub	PreSub	Sub	CA1	CA3	CA4_DG	Tail	SRLM	Cyst
sub-7777200	L	10.11850030720234	301.9051500707865	383.40151611715555	467.7779830992222	92.12031453102827	359.21629766374826	312.23345905542374	539.8138851448894	7.314693436026573
sub-7777200	R	0.17643002420663834	240.58379571139812	391.89876755326986	477.98231422901154	129.1658512353897	378.68558925390244	327.1537170484662	516.5251219496131	7.600796177983284
