subject	hemi	ParaSub	PreSub	Sub	CA1	CA3	CA4_DG	Tail	SRLM	Cyst
sub-9717999	L	5.798335880041122	187.17276175925508	295.58161556907	490.2883992777206	84.7625152990222	392.85632934607565	251.90813010418788	457.16254454199225	5.130764314904809
sub-9717999	R	0.8010858781635761	197.90635885298252	302.9153660489246	522.3652129825205	138.07764151180163	410.4563768240623	298.31389061780646	518.5266764829867	12.793532209005207
