subject	hemi	ParaSub	PreSub	Sub	CA1	CA3	CA4_DG	Tail	SRLM	Cyst
sub-7607477	L	3.390311201568693	169.56324378028512	229.8640531403944	372.1760613131337	66.59028963418677	320.54414894944057	190.05293046543375	334.33904389478266	12.626644250005484
sub-7607477	R	0.5674360520206392	183.4582744995132	196.87646820023656	395.350340412464	121.7651010453701	335.278412821237	203.0276657389477	405.44974846439436	28.91539680212736
