subject	hemi	ParaSub	PreSub	Sub	CA1	CA3	CA4_DG	Tail	SRLM	Cyst
sub-8867610	L	3.9720562431029975	164.23713467130437	233.41194849926978	284.10454144096	119.36672741128132	337.58186529017985	209.87525028083473	318.6418804191053	35.862947184126824
sub-8867610	R	0.028610249049961567	173.5450023622252	227.56115256855264	306.9784355564043	288.29117455193773	393.4338398105465	273.99558677664027	401.4113309206441	13.222703435923904
