subject	hemi	ParaSub	PreSub	Sub	CA1	CA3	CA4_DG	Tail	SRLM	Cyst
sub-7079074	L	3.2186527037993073	270.0997981540859	328.6554354913533	433.78378535900265	86.63182566314936	369.65868675056845	298.92462125699967	492.60168328695	3.972055855207145
sub-7079074	R	0.3290178319439292	264.835512842983	269.9376734253019	639.0527654970065	139.8278102017939	451.7414832590148	270.61001421231776	574.4412927022204	6.194118314422667
