subject	hemi	ParaSub	PreSub	Sub	CA1	CA3	CA4_DG	Tail	SRLM	Cyst
sub-7134056	L	8.001337672583759	332.91858976427466	470.5196631955914	510.05905055021867	90.23200999898836	460.76356255309656	305.920035591349	562.3013959261589	19.636179103516042
sub-7134056	R	0.7867823098786175	302.63939177803695	517.8648847397417	586.1909678806551	161.97701990464702	417.83862707717344	352.8980920575559	616.8802463435568	19.822145831305534
