subject	hemi	ParaSub	PreSub	Sub	CA1	CA3	CA4_DG	Tail	SRLM	Cyst
sub-7131454	L	4.091265614144504	230.94193033128977	345.43061027955264	547.647850564681	89.31166078429669	426.37854159157723	320.13438174454495	524.9027025699615	13.771066542714834
sub-7131454	R	0.004768374841660261	218.63475486496463	348.7017154209316	533.7337327767164	136.1323333545588	396.94336369400844	235.3192984359339	509.6725133256987	12.841233448591083
