subject	hemi	ParaSub	PreSub	Sub	CA1	CA3	CA4_DG	Tail	SRLM	Cyst
sub-9086990	L	6.527898783329874	238.74275842495263	223.05958888633177	303.0966824423522	163.1927012130618	325.417423278559	42.71982848783955	362.9206547839567	17.590517612639815
sub-9086990	R	0.04291533166542649	229.45874167466536	239.91577749047428	419.0777504532598	167.7989468118176	346.0835396605544	194.55904029030353	434.57972192484885	40.22120251087472
