subject	hemi	ParaSub	PreSub	Sub	CA1	CA3	CA4_DG	Tail	SRLM	Cyst
sub-6166973	L	6.504057567566633	227.89473850931972	283.37473103031516	494.04134637862444	90.70871488843113	458.4597645830363	259.83805349841714	512.871642078273	11.23428125306964
sub-6166973	R	0.004768370650708675	235.6385724460706	339.53183218371123	498.909852812998	202.72727821487933	426.75963649712503	265.684075916186	540.0132078221068	21.48627815209329
