subject	hemi	ParaSub	PreSub	Sub	CA1	CA3	CA4_DG	Tail	SRLM	Cyst
sub-7716381	L	3.666878462769091	291.10437356773764	346.9420156991109	479.48369808029383	91.0091577898711	383.39145519118756	240.93632635474205	512.6715707732365	6.63280616607517
sub-7716381	R	0.23841862566769123	227.18910839874297	357.07003891747445	602.0213349284604	134.06279321294278	393.9534003082663	251.88927801791579	583.2101053632796	7.314683435484767
