subject	hemi	ParaSub	PreSub	Sub	CA1	CA3	CA4_DG	Tail	SRLM	Cyst
sub-9369902	L	4.162790830247104	257.18227196950465	345.7691311268136	487.900066152215	98.09499766305089	404.47735644411296	272.2169563770294	496.2924050539732	1.9645702429115772
sub-9369902	R	0.15735635440796614	256.9676951225847	334.1962865162641	470.6337825367227	165.0191320301965	386.28600819967687	211.78734790999442	471.5397736681625	5.679133881814778
