subject	hemi	ParaSub	PreSub	Sub	CA1	CA3	CA4_DG	Tail	SRLM	Cyst
sub-7268178	L	5.168912271037698	243.8448668969795	322.5706432759762	467.30495523428544	78.48735791631043	380.90687272604555	301.5755134518258	467.40509098861367	3.2806380465626717
sub-7268178	R	0.3910062788054347	272.0688445097767	324.3206347920932	595.7362127141096	130.48642462817952	377.2876804624684	307.23079938674346	580.5537250102498	15.640251152217388
