subject	hemi	ParaSub	PreSub	Sub	CA1	CA3	CA4_DG	Tail	SRLM	Cyst
sub-6752784	L	1.5497221262194216	287.4996804804541	300.1787916608155	337.0335680101998	45.26619121292606	301.84772318135947	251.6128844129853	354.6717899944633	3.371241671498865
sub-6752784	R	0.31948117678985	237.58909126464278	342.88436508364975	422.9930780697614	112.52413149084896	351.2051808075048	183.79227579385042	434.7423559743911	6.451612420845777
