subject	hemi	ParaSub	PreSub	Sub	CA1	CA3	CA4_DG	Tail	SRLM	Cyst
sub-9198294	L	5.82217658450827	299.2675058315508	252.92851152503863	310.3396549136378	74.30070068780333	359.2201890395954	123.77728073764592	401.95906596584246	7.972710277885199
sub-9198294	R	0.2813336760737002	205.27821618597955	308.0603753007017	375.1417677584104	160.7368963859044	364.58460235456005	184.47382925869897	403.6804465940222	20.956974683795124
