subject	hemi	ParaSub	PreSub	Sub	CA1	CA3	CA4_DG	Tail	SRLM	Cyst
sub-7956199	L	5.064008641988039	305.1613569315523	477.0277067273855	519.1991685256362	60.687041418626904	426.0824446454644	249.63845991902053	568.523184902966	34.14629556052387
sub-7956199	R	0.16212457045912743	307.61706733703613	463.4426213968545	549.330496782437	129.69011962786317	426.4066937863827	290.39371591061354	566.386955268681	32.09112821146846
