subject	hemi	ParaSub	PreSub	Sub	CA1	CA3	CA4_DG	Tail	SRLM	Cyst
sub-7888815	L	3.2138862125575542	235.09053123369813	302.3627963475883	521.6413888856769	95.95405379123986	407.81068908423185	236.63548543676734	481.1435615811497	25.4583657104522
sub-7888815	R	0.3576282877475023	223.12667291425169	361.24748601950705	471.68310127593577	147.2808656487614	375.9579295888543	191.83658192493021	455.96653012372553	18.377325613051653
