subject	hemi	ParaSub	PreSub	Sub	CA1	CA3	CA4_DG	Tail	SRLM	Cyst
sub-6451366	L	5.6409797254018486	360.3694359655492	408.14848655601963	486.464167883154	119.22828153334558	527.1478864098899	222.42054039845243	543.3508019694127	1.5401829681359231
sub-6451366	R	0.1478194179944694	309.16669691959396	374.06895815581083	486.0064045242034	169.05773050244898	463.9193224548362	252.08455973211676	517.9210937060416	6.628031968139112
