subject	hemi	ParaSub	PreSub	Sub	CA1	CA3	CA4_DG	Tail	SRLM	Cyst
sub-6732374	L	11.081712871789932	349.63662418723106	412.6507531031966	563.674853824079	106.45406190305948	430.01242116093636	306.08225010335445	612.8988305777311	9.08853043615818
sub-6732374	R	0.0	281.5155613273382	398.3074689731002	654.3694230243564	196.23310232907534	394.9362249970436	238.26159512251616	603.2380946576595	20.637544453144073
