subject	hemi	ParaSub	PreSub	Sub	CA1	CA3	CA4_DG	Tail	SRLM	Cyst
sub-8434376	L	3.7097970759496093	211.0864999461919	320.8020795355551	497.7708441624418	62.499113463331014	341.66372761689126	242.51010242756456	470.9677987075411	12.626661513000727
sub-8434376	R	0.17166156135499477	206.27520785154775	295.944531776011	572.9013875154778	137.15758752264082	329.4423781237565	286.57943992875516	506.7687710034661	5.989081140607595
