subject	hemi	ParaSub	PreSub	Sub	CA1	CA3	CA4_DG	Tail	SRLM	Cyst
sub-9686611	L	6.127338334918022	237.83609452843666	349.4585560709238	525.6207252889872	78.35840533673763	359.6199241578579	319.0745873004198	546.653946608305	11.229479983448982
sub-9686611	R	0.27656468749046326	235.8238480091095	358.07974494993687	565.3506731539965	120.77293801307678	392.41191305220127	305.9997532814741	583.2224739938974	11.08642928302288
