subject	hemi	ParaSub	PreSub	Sub	CA1	CA3	CA4_DG	Tail	SRLM	Cyst
sub-7567693	L	0.0	98.7722032815218	205.0307616442442	452.7003685981035	101.0657935962081	290.928341537714	63.290694899857044	326.5433645322919	0.0
sub-7567693	R	0.6961833387613297	193.51512628048658	252.63825790584087	383.506420455873	165.992042504251	375.1999041810632	135.79389809072018	426.884364515543	3.1662036776542664
