subject	hemi	ParaSub	PreSub	Sub	CA1	CA3	CA4_DG	Tail	SRLM	Cyst
sub-6405157	L	5.311960236169398	253.09058658452705	262.09326246054843	449.2039623414166	119.60016754362732	346.47904369886965	204.72027721675113	419.44458726607263	5.874627478420734
sub-6405157	R	0.2717968882061541	222.33939128555357	265.66000057244673	307.03034797729924	251.2738389633596	256.15664621815085	95.37209756160155	369.23845681129023	0.0
