subject	hemi	ParaSub	PreSub	Sub	CA1	CA3	CA4_DG	Tail	SRLM	Cyst
sub-6771081	L	2.9468490332365036	218.0334499105811	315.49881275743246	538.9491243213415	135.50737188756466	411.45260417461395	219.36382350325584	471.17159655690193	0.3147120326757431
sub-6771081	R	0.004768364131450653	220.61790326982737	336.3270272836089	570.8971640020609	175.71898660808802	418.1235455945134	234.78471310436726	523.590223453939	20.81867779791355
