subject	hemi	ParaSub	PreSub	Sub	CA1	CA3	CA4_DG	Tail	SRLM	Cyst
sub-7698204	L	9.17910902062431	312.13739038445055	308.847216241993	406.3651168034412	78.75913958111778	334.6202470245771	209.18354993546382	462.95611205371097	3.933903865981847
sub-7698204	R	0.5435939887538552	237.0355893066153	316.8866852335632	431.127253501676	165.42900220910087	331.04397078277543	308.7709223488346	454.077410237398	14.01423449954018
