subject	hemi	ParaSub	PreSub	Sub	CA1	CA3	CA4_DG	Tail	SRLM	Cyst
sub-8151667	L	7.357598788104951	186.87728717084974	293.65545286238194	381.7368299290538	99.29658921808004	402.24083173647523	194.27780131157488	392.17956573329866	7.252694592811167
sub-8151667	R	0.12874605786055326	146.93263062648475	225.62985058687627	450.8829997451976	243.48740564938635	401.6543219173327	219.55017563235015	393.00449417810887	9.059907775372267
