subject	hemi	ParaSub	PreSub	Sub	CA1	CA3	CA4_DG	Tail	SRLM	Cyst
sub-8858912	L	3.809929638169706	295.6295590829104	406.0316878845915	513.6824657460675	93.70805663242936	408.6781346295029	392.78991741500795	535.9555337559432	2.2983555514365435
sub-8858912	R	0.004768372513353825	322.0987949045375	453.6391190579161	554.0276655815542	135.50284171197563	390.6393814114854	391.02561958506703	607.2331660855561	8.807184032164514
