subject	hemi	ParaSub	PreSub	Sub	CA1	CA3	CA4_DG	Tail	SRLM	Cyst
sub-7495593	L	4.091259221546352	332.0738734821789	353.12144714640453	421.504603901878	85.38715487206355	507.57363531086594	296.6687456034124	542.5877570635639	7.057183738797903
sub-7495593	R	0.09059898043051362	316.86754987202585	337.64332659495994	516.7098272321746	151.2144667059183	488.83871983131394	278.3963617607951	565.0801460472867	15.501962388399988
