subject	hemi	ParaSub	PreSub	Sub	CA1	CA3	CA4_DG	Tail	SRLM	Cyst
sub-9573597	L	7.891659592278302	182.36647801008075	258.8988867448643	308.41368626523763	104.97576188761741	237.66531564854085	260.49152378644794	306.03426745161414	2.384187187999487
sub-9573597	R	0.17642985191196203	237.55564303789288	303.12079070787877	562.8970583379269	181.01702806167305	404.353378710337	236.84038688149303	507.7937240488827	34.89973205793649
