subject	hemi	ParaSub	PreSub	Sub	CA1	CA3	CA4_DG	Tail	SRLM	Cyst
sub-7627786	L	3.242491725832224	276.64176465570927	387.78770529897884	510.12977913673967	89.38309911871329	457.28193237585947	314.4692453336902	547.5328748682514	5.149839799851179
sub-7627786	R	0.2765654707327485	252.24201441882178	403.73790356796235	491.9622887317091	127.82569955056533	457.4965090341866	339.96095234295353	549.7692404850386	10.838505430612713
