subject	hemi	ParaSub	PreSub	Sub	CA1	CA3	CA4_DG	Tail	SRLM	Cyst
sub-9745500	L	8.625977452844381	330.10933835431933	420.22195411100984	621.5329082868993	133.81470716372132	494.4797467440367	361.647323358804	605.635169852525	16.174303770065308
sub-9745500	R	0.20027144998311996	333.90495916828513	442.33287586271763	618.5812885835767	148.1579576767981	451.80285442620516	354.03700825944543	619.1439559906721	5.726809795945883
