subject	hemi	ParaSub	PreSub	Sub	CA1	CA3	CA4_DG	Tail	SRLM	Cyst
sub-9589815	L	6.194127992726862	226.87960730865598	309.8971349094063	386.8826594995335	87.17078817170113	405.88466107845306	266.2330625234172	431.2476840140298	7.810609431937337
sub-9589815	R	0.3385551096871495	216.16505334433168	318.70910452492535	382.93920772895217	137.31985984183848	380.8601932525635	239.07712802104652	417.4003031896427	5.369197936728597
