subject	hemi	ParaSub	PreSub	Sub	CA1	CA3	CA4_DG	Tail	SRLM	Cyst
sub-8959211	L	3.719333102926612	201.1920789894648	278.2251896020025	409.34121823171154	97.77554522501305	392.75680729327723	57.05838449951261	388.25069218780845	1.9311921880580485
sub-8959211	R	0.004768375772982836	137.21478124335408	157.17520222906023	263.4670665846206	310.33066368149593	370.92241462878883	202.59874984249473	352.9504063404165	6.5469799363054335
