subject	hemi	ParaSub	PreSub	Sub	CA1	CA3	CA4_DG	Tail	SRLM	Cyst
sub-8724991	L	8.015627149958163	264.3726448989473	310.0726869008504	419.8071471042931	96.86940246960148	431.0748014501296	282.56397004891187	452.3321874313988	27.394276012200862
sub-8724991	R	0.8869165079668164	277.41413226071745	274.20978874806315	455.9370738831349	170.84586862334982	389.5947654135525	259.55182452499866	487.5465874923393	11.706344231497496
