subject	hemi	ParaSub	PreSub	Sub	CA1	CA3	CA4_DG	Tail	SRLM	Cyst
sub-7175272	L	3.428464524447918	208.411542378366	262.4229716807604	534.7498666122556	118.38454624265432	458.1172471791506	268.80783120542765	473.1710197851062	1.49727101624012
sub-7175272	R	0.11444109678268433	244.74659060686827	252.13757810741663	701.7909525036812	152.5928974226117	404.7543174251914	307.60336301475763	583.6066781803966	1.9550354033708572
