subject	hemi	ParaSub	PreSub	Sub	CA1	CA3	CA4_DG	Tail	SRLM	Cyst
sub-8001042	L	3.271101627498865	323.1619526222348	258.07370595261455	360.4696773067117	67.7203867547214	433.7690566331148	261.05870539695024	465.7552807107568	9.77038955502212
sub-8001042	R	0.0	296.5401444789022	204.7728692293167	351.62911984696984	207.61004921235144	375.4089796375483	259.9047599248588	418.8917431086302	20.513526532799006
