subject	hemi	ParaSub	PreSub	Sub	CA1	CA3	CA4_DG	Tail	SRLM	Cyst
sub-8913388	L	7.977471633814275	345.08644479326904	479.3111005136743	710.2667721118778	101.27049764432013	497.4594908533618	406.7223075181246	685.0325940568	19.9031479973346
sub-8913388	R	0.47206795681267977	355.2669002255425	476.1973593439907	706.8526240605861	140.04682718776166	476.25934806559235	392.7176247993484	715.2544800192118	20.084345798939466
