subject	hemi	ParaSub	PreSub	Sub	CA1	CA3	CA4_DG	Tail	SRLM	Cyst
sub-9938814	L	6.508832930121571	238.34249463677406	322.55201078765094	503.5357132512145	67.0910471258685	543.5280808592215	287.49014372890815	560.4128994713537	10.37598568201065
sub-9938814	R	0.0	219.14501377474517	296.5023739398457	532.8659926308319	214.10007220692933	478.7163173528388	322.07517321035266	572.9060439965688	10.137566893361509
