subject	hemi	ParaSub	PreSub	Sub	CA1	CA3	CA4_DG	Tail	SRLM	Cyst
sub-7130957	L	8.387565612792969	299.4060516357422	397.2005844116211	546.9655990600586	89.3402099609375	430.7889938354492	374.77970123291016	571.6705322265625	11.987686157226562
sub-7130957	R	0.42438507080078125	288.45787048339844	352.1537780761719	590.6391143798828	131.01577758789062	376.1482238769531	331.2349319458008	596.4374542236328	9.65118408203125
