subject	hemi	ParaSub	PreSub	Sub	CA1	CA3	CA4_DG	Tail	SRLM	Cyst
sub-9882308	L	2.551079294644296	286.1738763889298	206.9759773146361	469.2221604315564	90.84226475190371	485.13898788113147	120.28219664935023	470.96261639893055	23.41270904056728
sub-9882308	R	0.3433228209614754	251.083423063159	263.20939436461776	497.5272196708247	188.2458100821823	530.8390700491145	219.6169328475371	524.8547625448555	52.3042780989781
