subject	hemi	ParaSub	PreSub	Sub	CA1	CA3	CA4_DG	Tail	SRLM	Cyst
sub-7447784	L	6.022452131845057	254.9743154346943	339.26480342727154	488.60540383681655	75.75987289845943	446.1049162270501	193.5290912296623	532.660380278714	7.872579944320023
sub-7447784	R	0.24318690318614244	212.06851631961763	309.2145315865055	548.7774730781093	155.52994551416487	440.6928155384958	295.6103701200336	574.2930244300514	11.749265283346176
