subject	hemi	ParaSub	PreSub	Sub	CA1	CA3	CA4_DG	Tail	SRLM	Cyst
sub-9096690	L	3.714560736902058	265.0403458783403	371.26057049352676	589.8903648285195	99.16303605213761	444.53612228296697	263.4429417103529	564.7229045340791	36.234848574735224
sub-9096690	R	0.3337859455496073	313.75878881663084	414.4286299943924	525.6127284569666	159.60213404987007	439.8297404507175	357.12711988482624	572.9054285706952	31.45694118272513
