subject	hemi	ParaSub	PreSub	Sub	CA1	CA3	CA4_DG	Tail	SRLM	Cyst
sub-8796916	L	5.779267486184835	187.47810210753232	222.9738670969382	294.62343248259276	90.35589075554162	244.60320481751114	60.76813931018114	319.92441703844815	0.16689303796738386
sub-8796916	R	0.057220470160245895	206.58973914105445	245.07527369633317	305.852949751541	146.0409449664876	370.2593572894111	208.97392539773136	405.48332504555583	8.978845442645252
