subject	hemi	ParaSub	PreSub	Sub	CA1	CA3	CA4_DG	Tail	SRLM	Cyst
sub-6363167	L	2.6273742811754346	269.508519731462	329.66633085906506	489.6977432919666	130.21953583415598	519.9435419589281	257.64480428397655	552.5067705726251	5.102160582318902
sub-6363167	R	0.0	223.86564020439982	364.08922547940165	732.4223041534424	216.64632139913738	479.84151345677674	288.6535428510979	602.7463629981503	16.250619873404503
