subject	hemi	ParaSub	PreSub	Sub	CA1	CA3	CA4_DG	Tail	SRLM	Cyst
sub-7651278	L	4.625322241336107	273.87629716843367	362.4631390236318	422.3872881028801	75.98403084091842	378.7471343372017	242.7531236950308	486.8461603280157	0.0
sub-7651278	R	0.07629397511482239	248.2081429157406	376.5870611667633	495.3052548188716	111.00773379206657	405.178228341043	255.16996814496815	507.98435980826616	0.26702891290187836
