subject	hemi	ParaSub	PreSub	Sub	CA1	CA3	CA4_DG	Tail	SRLM	Cyst
sub-7620469	L	4.878038411960006	204.9109918642789	97.94700588472188	219.2542367745191	39.6441948749125	227.44152118638158	113.31068111769855	255.42229283973575	0.16212444379925728
sub-7620469	R	0.0	132.81806639954448	112.9053700082004	283.91804802045226	276.55569092556834	263.4140742458403	176.03376740403473	321.40217310003936	1.254080256447196
