subject	hemi	ParaSub	PreSub	Sub	CA1	CA3	CA4_DG	Tail	SRLM	Cyst
sub-8244977	L	8.525842560455203	260.3052267199382	365.11873081466183	591.744972073473	89.34014888852835	443.0577110443264	321.33080451004207	514.8121175598353	31.43308398127556
sub-8244977	R	0.014305104967206717	282.4542975774966	410.2561053545214	608.3865775186568	151.30509523814544	404.9107644651085	281.48155043972656	570.06320131151	21.905884073115885
