subject	hemi	ParaSub	PreSub	Sub	CA1	CA3	CA4_DG	Tail	SRLM	Cyst
sub-8502872	L	6.728178215678781	273.95749328518286	262.99022900732234	398.2928915657103	107.63654632354155	428.7198973731138	285.039198581595	450.14420972112566	50.02503023436293
sub-8502872	R	0.1335145216435194	265.71297157369554	278.91183571331203	407.36711066169664	146.64662852231413	400.4338922877796	230.40314897475764	438.80978050874546	45.64766127476469
