subject	hemi	ParaSub	PreSub	Sub	CA1	CA3	CA4_DG	Tail	SRLM	Cyst
sub-9578406	L	7.596020380966365	339.279373601079	431.7238476285711	678.9259120291099	107.62220966629684	502.7916993284598	370.09260881878436	641.7802756400779	29.377954530529678
sub-9578406	R	0.0	294.5663270773366	435.57669412437826	644.4457969162613	199.2989754192531	488.7726786630228	330.08594780415297	663.3810115633532	34.57548260036856
