subject	hemi	ParaSub	PreSub	Sub	CA1	CA3	CA4_DG	Tail	SRLM	Cyst
sub-6086470	L	4.72068187315017	277.1469412436709	384.9263072828762	557.1453650733456	96.00150318397209	476.7221120707691	390.9725947729312	567.0492602759041	21.605464209336787
sub-6086470	R	0.2241131798364222	263.3902066941373	402.02089770231396	513.2477920185775	156.7218698230572	529.6462010708638	352.2773085096851	570.6636813464575	29.7307590697892
