subject	hemi	ParaSub	PreSub	Sub	CA1	CA3	CA4_DG	Tail	SRLM	Cyst
sub-8127165	L	3.3235549926757812	193.0522918701172	291.1376953125	460.24322509765625	74.32937622070312	358.83426666259766	169.73495483398438	471.63963317871094	0.5435943603515625
sub-8127165	R	0.5292892456054688	206.40850067138672	259.17530059814453	651.7934799194336	140.42377471923828	433.72154235839844	236.24897003173828	543.5085296630859	28.905868530273438
