subject	hemi	ParaSub	PreSub	Sub	CA1	CA3	CA4_DG	Tail	SRLM	Cyst
sub-8206666	L	11.095999587792903	156.83649438852444	199.260692210868	453.68190149590373	131.92652367660776	356.0733447438106	254.59763901634142	390.12905125692487	2.1171567756682634
sub-8206666	R	0.0	176.21992297656834	165.65798095380887	429.29168323567137	206.43232236988842	338.37791953096166	220.84233988355845	428.2569467034191	8.330344340298325
