subject	hemi	ParaSub	PreSub	Sub	CA1	CA3	CA4_DG	Tail	SRLM	Cyst
sub-7195884	L	7.739068589173257	225.25314915832132	293.75558868516237	515.7614761618897	79.87500797118992	328.84604201093316	252.64744924753904	495.34330505970865	4.668236690573394
sub-7195884	R	0.0	187.01080160122365	223.3648736430332	638.6233623409644	217.81448803748935	286.7603862080723	287.3802746348083	514.6409086212516	10.352136726491153
