subject	hemi	ParaSub	PreSub	Sub	CA1	CA3	CA4_DG	Tail	SRLM	Cyst
sub-9992517	L	2.5653821574524045	184.58353776019067	284.18044691020623	462.4220548016019	86.54111668327823	443.8635652908124	60.410458276513964	411.6627740096301	5.94138692971319
sub-9992517	R	0.08106226148083806	229.43481020070612	329.59915518108755	556.7165383771062	156.18313603196293	429.1531490162015	250.9163094931282	516.9626516732387	7.185931061860174
