subject	hemi	ParaSub	PreSub	Sub	CA1	CA3	CA4_DG	Tail	SRLM	Cyst
sub-6291976	L	1.8548947339877486	280.6994557986036	345.8496531005949	615.8775037201121	115.07023064419627	551.9956920202821	100.11186359915882	562.8008114732802	37.178956917487085
sub-6291976	R	0.0	234.26986704580486	332.55544611252844	663.8854219252244	172.74362860713154	503.60153609421104	246.93941796664149	601.2719958275557	57.17748780269176
