subject	hemi	ParaSub	PreSub	Sub	CA1	CA3	CA4_DG	Tail	SRLM	Cyst
sub-8517582	L	6.637594632804394	299.1495236232877	369.0540762934834	444.68069330230355	110.416768187657	494.577094335109	246.91184459859505	520.3263838589191	5.331056608818471
sub-8517582	R	0.004768386948853731	202.642140165437	324.3361434871331	623.2758580846712	174.22255395026878	510.5082751312293	280.66248742258176	582.5156864458695	48.4992636567913
