subject	hemi	ParaSub	PreSub	Sub	CA1	CA3	CA4_DG	Tail	SRLM	Cyst
sub-6880490	L	5.240443439222872	231.57610157039016	243.25861879158765	446.9444986367598	103.55955469794571	402.5270913243294	297.18893298413604	457.3347864020616	15.01084253564477
sub-6880490	R	0.5578998019918799	281.85860936529934	199.828264974989	367.026544095017	216.31730356719345	322.23720358125865	252.65231631230563	449.60048316419125	9.62257949076593
