subject	hemi	ParaSub	PreSub	Sub	CA1	CA3	CA4_DG	Tail	SRLM	Cyst
sub-9845403	L	1.7642990360036492	183.73505528457463	308.637890282087	501.5616056811996	80.94317874638364	433.2164757270366	109.4008453595452	474.33894839324057	0.5245213350281119
sub-9845403	R	0.0	189.47617971524596	300.0881925211288	395.6559797632508	97.05552048329264	404.9972279025242	118.51797983748838	449.67690889537334	5.745892806444317
