subject	hemi	ParaSub	PreSub	Sub	CA1	CA3	CA4_DG	Tail	SRLM	Cyst
sub-8451275	L	9.28878965601325	301.0607353756204	420.956693851389	601.544497677125	89.87905350420624	412.38792844489217	293.0784797882661	595.4743594676256	22.125248461961746
sub-8451275	R	0.00953674502670765	259.1705828458071	352.0060273082927	599.2318370081484	160.49865042697638	406.0126143945381	295.0096706561744	548.7252353467047	33.974654157646
