subject	hemi	ParaSub	PreSub	Sub	CA1	CA3	CA4_DG	Tail	SRLM	Cyst
sub-9548396	L	6.2847192687913775	290.9424477885477	400.36236665118486	614.4719756096601	113.625626294408	485.2156135314144	349.3455142560415	602.3126173885539	25.048277935478836
sub-9548396	R	0.15258802473545074	288.2769257314503	399.6518786610104	532.1841148952954	132.83741228375584	428.50055208755657	353.1459097471088	585.4945560372435	12.216578730382025
