subject	hemi	ParaSub	PreSub	Sub	CA1	CA3	CA4_DG	Tail	SRLM	Cyst
sub-7243263	L	5.908011236228049	303.20638456661254	396.44233589991927	501.1128400536254	86.57930590491742	393.271369417198	330.1810573376715	547.2468260992318	10.204313192516565
sub-7243263	R	0.014305111952126026	254.22091287188232	391.7407224383205	512.7619695533067	122.78554425574839	405.33534716349095	269.94699927791953	522.7564744371921	16.789433061145246
