subject	hemi	ParaSub	PreSub	Sub	CA1	CA3	CA4_DG	Tail	SRLM	Cyst
sub-8253978	L	3.752712832763791	166.97426336072385	223.4843012019992	513.744956292212	180.64996908418834	380.4115938656032	102.4199732337147	386.9585757199675	0.0
sub-8253978	R	0.2145769726485014	203.80520862154663	237.02172398753464	303.9077505506575	231.30443976074457	300.96566183678806	196.447602648288	355.1248897332698	1.626016614958644
