subject	hemi	ParaSub	PreSub	Sub	CA1	CA3	CA4_DG	Tail	SRLM	Cyst
sub-9460079	L	5.05923829600215	190.48675914108753	252.79502192512155	457.81099792569876	87.16099605336785	459.5848307684064	193.78170133009553	443.04813104122877	28.085686676204205
sub-9460079	R	0.0	179.10466506704688	255.56544364988804	405.8596301265061	148.22471482679248	386.71463318169117	221.52883388847113	446.80560491234064	19.24513266980648
