subject	hemi	ParaSub	PreSub	Sub	CA1	CA3	CA4_DG	Tail	SRLM	Cyst
sub-6686191	L	5.62190625211224	270.7193431360647	304.49369596363977	518.8699990021996	117.89313840307295	422.7730722008273	274.61033168714494	486.0779300490394	19.941316324286163
sub-6686191	R	0.0	224.60445309011266	327.22450775653124	605.3872738438658	211.23871668241918	399.1219653217122	274.04766422510147	534.7582022524439	23.794157928787172
