subject	hemi	ParaSub	PreSub	Sub	CA1	CA3	CA4_DG	Tail	SRLM	Cyst
sub-7108358	L	3.4570639953017235	225.12877573817968	315.3319200128317	492.03318963199854	63.03300545364618	364.47944911569357	230.2690722718835	480.589115716517	16.632054090499878
sub-7108358	R	0.0	183.79182708263397	307.33537336438894	517.9015650451183	171.17473559081554	318.6745432689786	249.0802687704563	447.8590643182397	45.54264581948519
