subject	hemi	ParaSub	PreSub	Sub	CA1	CA3	CA4_DG	Tail	SRLM	Cyst
sub-8699817	L	1.9454942755401134	218.18146095983684	373.3918498540297	569.3765562730841	63.00445064390078	492.6344364923425	302.0093760676682	566.9113098504022	30.6701450496912
sub-8699817	R	0.05245205154642463	256.7003402682021	411.34806170035154	617.1699119685218	129.38967442838475	470.41860847827047	302.4528343216516	615.8061586283147	39.391490711364895
