subject	hemi	ParaSub	PreSub	Sub	CA1	CA3	CA4_DG	Tail	SRLM	Cyst
sub-7670989	L	6.251342469826341	267.20555147342384	371.2515413220972	560.4559790492058	76.52291682362556	566.5022813007236	324.6168125998229	621.42921792157	15.764254923909903
sub-7670989	R	0.0	230.99449524469674	353.48456798680127	647.9652368724346	170.7460497021675	542.7462262399495	294.95273822546005	612.0402832739055	21.839167438447475
