subject	hemi	ParaSub	PreSub	Sub	CA1	CA3	CA4_DG	Tail	SRLM	Cyst
sub-9389605	L	3.9339080918580294	249.5242139864713	317.80255334079266	536.146373372525	103.42125164158642	388.7273399569094	283.3844338171184	524.4781635534018	7.0714978184551
sub-9389605	R	0.0	226.56449585035443	306.32507845945656	563.9412221815437	143.33730574697256	401.6257901247591	301.4088854379952	512.4332522321492	12.774472458288074
