subject	hemi	ParaSub	PreSub	Sub	CA1	CA3	CA4_DG	Tail	SRLM	Cyst
sub-8749907	L	7.443430947139859	329.0892932843417	407.59579367749393	601.4492476973683	110.29247777536511	490.6179437227547	340.00886847265065	635.1425744574517	46.329516388475895
sub-8749907	R	0.4673005975782871	318.26985393837094	442.9199041556567	599.2271856721491	158.20986252091825	448.26048241369426	391.7028049863875	616.660358985886	37.80366466939449
