subject	hemi	ParaSub	PreSub	Sub	CA1	CA3	CA4_DG	Tail	SRLM	Cyst
sub-6604264	L	4.124640612863004	222.78781354241073	335.9984695315361	479.0114420875907	82.5548010757193	416.4170405557379	305.08989097364247	524.8593258941546	2.908706096932292
sub-6604264	R	0.0	206.81854023318738	346.07403671648353	623.2832644954324	146.74183840490878	348.39623322337866	327.4106339896098	560.9654284613207	11.386869113892317
