subject	hemi	ParaSub	PreSub	Sub	CA1	CA3	CA4_DG	Tail	SRLM	Cyst
sub-6570677	L	7.929798068944365	249.66227738652378	319.9766504019499	634.8606824409217	82.08270833361894	539.7174107213505	217.77619218686596	622.3341764113866	23.331630758475512
sub-6570677	R	0.09536738507449627	276.741846378427	337.26198894670233	554.5947227929719	128.90332603594288	513.0908368085511	201.5065162931569	604.8533347272314	27.61839471757412
