subject	hemi	ParaSub	PreSub	Sub	CA1	CA3	CA4_DG	Tail	SRLM	Cyst
sub-6954998	L	8.788113116752356	218.3867567195557	271.5255155763589	334.5395768014714	128.173890709877	497.43676632642746	251.75583734409884	444.25509210443124	0.5054476344957948
sub-6954998	R	0.9441380342468619	218.01005518063903	292.51112915575504	520.8590189740062	167.97550773946568	393.16673402907327	286.2454858375713	519.4523486704566	9.002689942717552
