subject	hemi	ParaSub	PreSub	Sub	CA1	CA3	CA4_DG	Tail	SRLM	Cyst
sub-6631671	L	6.4563751220703125	226.72176361083984	293.88427734375	394.9451446533203	96.61674499511719	411.4818572998047	202.41737365722656	402.3170471191406	6.508827209472656
sub-6631671	R	0.11920928955078125	214.54811096191406	282.6547622680664	538.3872985839844	189.82887268066406	356.13536834716797	303.9407730102539	494.7328567504883	8.840560913085938
