subject	hemi	Sub	CA1	CA2	CA3	CA4	DG	SRLM	Cyst
sub-9686611	L	455.4082867130637	883.1045559793711	116.06407307088375	314.45619797334075	121.98407679796219	128.6800810135901	578.8083644025028	20.056012626737356
sub-9686611	R	481.13630291074514	951.9605993293226	100.61606334522367	250.6641578115523	164.92010382935405	128.33608079701662	606.3763817586005	18.064011372625828
